,0
oe:team:0008fb938a860fdc5ec05e26210ff59,0
oe:team:00139c5837e7a000b62cb9ed6f4f3c8,1
oe:team:001f05f3618c2ed84a6b43434753bd8,2
oe:team:005064b6157615d237ba20bcffe00f5,3
oe:team:0092987a7da75e9fd0cbf8110d10b76,4
oe:team:014165c3a9a1dc9e63e248ce83ca576,5
oe:team:01a3132448697cecc30364f52173670,6
oe:team:01a959b2a20ca77057e580ec051aa3e,7
oe:team:01c9a45038d103935dc69490914f530,8
oe:team:02008dfb4feddaf6583dd7116eb5180,9
oe:team:02040f0504a1cb0f0657964125e0ae2,10
oe:team:023ba1e4767910cd55b399cf9094b15,11
oe:team:023e1c0f9c1c213e48998e61fbe066c,12
oe:team:02838cf562dd82da8db95974cc13a65,13
oe:team:02cba6bad755f6f7a6aeca29e4690be,14
oe:team:02d08f1a8d1e1e84e6d828e1a8c0c14,15
oe:team:0327d25d005275cfaf3cdb62628d33f,16
oe:team:03625f7331ee82f52b8c79c576e23cd,17
oe:team:03a6df9b82af1a8fbb6e86aae9524ee,18
oe:team:03c4cd6bcb3f046a897dae021a02f83,19
oe:team:03d528093c4b8e18c718b206cd81f4b,20
oe:team:040dc048e75fcdf175aa7f8e204c9e6,21
oe:team:0410783728358f6e711de31a6f1e8f9,22
oe:team:0444a233369afe0d17d6b8bafc147a4,23
oe:team:044fc7121d8197a6da31b7e743ca6f8,24
oe:team:048e91c09583c84485494a087471c3f,25
oe:team:04b0bb961538735de30f92ad6e7cc60,26
oe:team:04bb54d81b8d6daaaf0eee289e9eb03,27
oe:team:0504def546c1100b7308b2e76dcbbab,28
oe:team:050760fca0033774e06c7cb44de8802,29
oe:team:0520f3fedc9144bc9c62fadd5fd0568,30
oe:team:056c3140a119e44a03d462e2c832f27,31
oe:team:05825167aedac3dc1e6f72133f52604,32
oe:team:0598edad868785a36f966f60d2aae01,33
oe:team:05bd29b524f0851d42e7902d6af59bf,34
oe:team:05d26e7d7c53744b903ae1f6f8a8c7e,35
oe:team:05e27fbd83768ba717ef966c8824e66,36
oe:team:06554c70cfe8a6be14b004b3c18abe6,37
oe:team:06c05593565f4de85458b5c555164e1,38
oe:team:06ff5564847128343223be7514c8193,39
oe:team:073fa031df5e0204a637d33a30bfaea,40
oe:team:0775b07e7e528fc47bd319f5cab14b4,41
oe:team:07837648624136cfa442f4d3bf29de0,42
oe:team:07de50aa2d5a5cc1855309ea3eea1ac,43
oe:team:07e855b80cb18bda1a6c46470f0ca20,44
oe:team:07f268d6bcf7dfa246348135f512fe2,45
oe:team:07f47f630315f524f0179378f356b77,46
oe:team:07fbe02a89664dfcfbe8f825f0afca6,47
oe:team:0820c44004d536353d0d2320eb398d8,48
oe:team:08775d48df080a9fd0661fcb1441604,49
oe:team:08ca49e0997f5e1e0d71001f4bc13fd,50
oe:team:08d1c79edd0b1acd40f6c9307a79e79,51
oe:team:0916b3c324c8577b0c6344f3e067f62,52
oe:team:0957b09f054bf983fcc61228d919bef,53
oe:team:096d11bb39c67344ba0d303a4505e81,54
oe:team:097dbc6e895dcb0a501ce84f8743d1a,55
oe:team:0981919f271bab5684bad9d851b2985,56
oe:team:0a3b94b6b532be6a4fb62b5cc4f8a5f,57
oe:team:0a9aa50beea19fcbc6b939fe6b94f08,58
oe:team:0ade5e44c23039bca133eee58ec1b83,59
oe:team:0b27fc98592297c4441bce44760a642,60
oe:team:0b63f14fd7de22a26869bb1c76f87fc,61
oe:team:0b65555ba9e97910fc1e7264a99fa24,62
oe:team:0b6e76188d250e0d86e58ef1182a53a,63
oe:team:0bad133adf0b0d75b82191b60e3d624,64
oe:team:0be4da26bf3e925132f60c3d537fdab,65
oe:team:0c696978201a689569c69659bad5732,66
oe:team:0c8c7ae7026874903b3d5407b112e8e,67
oe:team:0cb38b413d6ae4e08c029369dcd352f,68
oe:team:0cca6f834d9b13e58facbfe117a4fce,69
oe:team:0ce92abf77546dafee13c1c3f37c25e,70
oe:team:0ceefa1371cd26b24911fa299937e9e,71
oe:team:0d5a4462c2d79495e2e236cdaf8a360,72
oe:team:0d70a380fe641d8206c6d43c185b9c2,73
oe:team:0d9f89772c3f008ae34e4f597253242,74
oe:team:0db4f03569e38f6ff1c09aa1907ca6d,75
oe:team:0dbb780176ecad18f17292d1f5653af,76
oe:team:0de5bc0ac90e504b773c2d2d09edc81,77
oe:team:0dfe299ce6b2991300f9730a4d670b3,78
oe:team:0e20c6cd9c6f05c1bcf91e0b5ef3697,79
oe:team:0e27d54d74f138c822f16d1f9df4939,80
oe:team:0e29f789cf5b2a1c46e5d092c46e69d,81
oe:team:0e4c4b77383d06c59013c463dc425b5,82
oe:team:0e99b04d101a93f6de17a4bf5de8b70,83
oe:team:0ecfc77c8f5a9c17c1cea3296163dca,84
oe:team:0edc9f071bd123368afdc0c53a3db20,85
oe:team:0efbfba0e842adbd975dbebaa4abacb,86
oe:team:0f0f407ca567fc73cc83d541ef45731,87
oe:team:0f1c217161a1486fff3abf544df2986,88
oe:team:0f426d6eead4f6ea73a5529581b61ad,89
oe:team:0f4b99bef6a148e203e725bef554929,90
oe:team:0f7a1cc8446196c969e9ed7ab180e7d,91
oe:team:0f81531c6eb6a2aa8fd428b19acabd0,92
oe:team:0f915796a913d5a8fd01f830d5ad3e2,93
oe:team:0ffca231017728de3912ab5e474d12c,94
oe:team:101f8589e58c724c1dcd5a9c1555277,95
oe:team:108d8dd5293715c077fd7e33643028c,96
oe:team:10b48447bc74f36daefaf538256e696,97
oe:team:10bfef11013e97d8caf67bac2bd8fb4,98
oe:team:10ce81cc4b8f1ade3f8d3aab9866467,99
oe:team:10fcef4da0f964b6238c2abf5bdca07,100
oe:team:10fe85810efd60943daa38355eb6054,101
oe:team:1129ec2d3533aa87e078d02ebc0d8d3,102
oe:team:11316fd322539b98a9a695912841fac,103
oe:team:1158ec5b08f516ca81868bc48293989,104
oe:team:11906fcdcf6e25e9a5e85b782beb1ba,105
oe:team:11b12070e876658f576ec41209f10aa,106
oe:team:11d06b1fb262e1879c0df46fa28499c,107
oe:team:11ebb3b1152f4086e0bb3345fb91ee4,108
oe:team:11f5f2c70a8b02dc6d17fac94c126c9,109
oe:team:120458344421ad48ba0be59fbe15dd1,110
oe:team:1210047b1f9e343b6a2f0e48358733c,111
oe:team:124467d9a6d8086151a0b4cac721066,112
oe:team:125fc4d6b0dc1b21596f4f06a207d62,113
oe:team:126d75f320051aed7d29f443a90f7a2,114
oe:team:1277180e600ca5f219e91d672a69f7f,115
oe:team:127cb9411cd6e3788e2a4193a6e8850,116
oe:team:1285e1c04d54de96502f12da4d49458,117
oe:team:128d0cec08b877912eb91f94a1f3295,118
oe:team:12af596813af42a79d1e34b8800d251,119
oe:team:12dec4e1f7ec620651b2b95c440ffac,120
oe:team:12eb870ed3419407c763c34f905e65a,121
oe:team:12f0138300dd741199ea6ad1666531c,122
oe:team:1301a0d2c6221cc9417ff939fc4d5a0,123
oe:team:1310f2e190ddbb40c0462fb57084428,124
oe:team:134d1af7b5cafdd70f8f1ecdb2306c7,125
oe:team:1360b56735647c1a908fc807aa8f09c,126
oe:team:13697a0e9b7df2bbb787cca7b9fd140,127
oe:team:13909e6689e1df762fd22aee7999e77,128
oe:team:13caf544e9d552f669c15d697f5e6b9,129
oe:team:13cc0048846a92bc721899580fe666c,130
oe:team:1403f42870de19dee6af045d2f65e29,131
oe:team:14098ac4d339fe1a0f13e74109a493c,132
oe:team:142fd4ee188f60dc0549cdca7610e55,133
oe:team:1446c057b4ff1cc83d7126382d86a9a,134
oe:team:144fd27a5b974d216d3e2dd26283bb5,135
oe:team:1486bbe432b1153d9a83ff6e75d6c90,136
oe:team:14ad76b8d9e647d4b29c3d26ecd29c9,137
oe:team:14b278a98a1b9727523f77e7d6c759e,138
oe:team:14df65afe42f4703832beda2efeba28,139
oe:team:14ef7370c4cbc9bc08a771e3f7cbb4d,140
oe:team:150ed90e9ca3262dbe6f3253b42ebb7,141
oe:team:1529e8ab605ab3c1492f3b83d5c384d,142
oe:team:154210b19b5b63e6ca6145fe9917904,143
oe:team:15842ce075edd560e96177e2919be83,144
oe:team:158e31c37dbe9830ecca9741528f948,145
oe:team:15cd04e605d88070159951f2801fa82,146
oe:team:15ee27398a7075e6d267578bcf29e9f,147
oe:team:1638ee8ffc49cb9058500c4fffaeb97,148
oe:team:16467fb3050a31b2b27672467beb1a8,149
oe:team:1664f819c4a19a12d748a78a1ca0d7d,150
oe:team:169482d39d38b4aeff05db79208759f,151
oe:team:16f72e69fc7d2d27c151024912a6497,152
oe:team:16fbfa0b9d8a6aaa7ea303ac6d70669,153
oe:team:1704188dc8a75f5d0c78f344b5b9e9c,154
oe:team:17510332b3aaea6f1e10ab3b091b54d,155
oe:team:178e4603342985e4154647761633799,156
oe:team:17b1cb79fe8d299f0eaed063132fdff,157
oe:team:17f42f64501a18c03627a58357acbe4,158
oe:team:17fa6b1358f7feeb5a68bbf5cd3d0d6,159
oe:team:1814e10e29c1ebec936f15aa87797bd,160
oe:team:186ab4e0a1d44a51c426ed35af560f2,161
oe:team:18f958181ee7b75ce7aaaf299a311df,162
oe:team:195cd5e125970a033b3b79e304bf85c,163
oe:team:1961f0a198997edc84b41b7da7f643d,164
oe:team:197be2494181ca61af31737a390e397,165
oe:team:1983b6e9dc5d2b7538f8787448dd5d7,166
oe:team:199301cdad60fad3c201615b42aab67,167
oe:team:199c31b0e7e7a1940be7eb7e4aa53ec,168
oe:team:19d3605cf0a349ebec4b09e18374d67,169
oe:team:19de4148001c056cbc5804dc8636190,170
oe:team:1a0fed546500648f74f5069d63edf24,171
oe:team:1a318187a04356ffbb9216db95d4fbf,172
oe:team:1a9887b52c7cb6550d325ede8244a12,173
oe:team:1aa8a23eb9d06ab039f112088bc905c,174
oe:team:1ab54595dac94e054c4f3831f7ccb98,175
oe:team:1ac4df9688139a3995d92043a9aedf9,176
oe:team:1b18017e07a881162b1363034370b6f,177
oe:team:1b9ffe897d79c81c5deeca9e3c78f69,178
oe:team:1bcba9d314932379a955b3de9e8654d,179
oe:team:1bf134b02c87e9c980a67114a600a43,180
oe:team:1c1e5c3fdd3090ed2162e9a17bcd4ab,181
oe:team:1c282536c5574499989be3aa8ae0600,182
oe:team:1c81857b6ce6a3c1cd9220fd97e077f,183
oe:team:1c89da29fc415ae539fb8299388b9ba,184
oe:team:1d0f5e58f39613aff1a3dd4ed85933e,185
oe:team:1d16ed15056eb83a39b0863b72cf2ad,186
oe:team:1d1d0b0c76290957c7c9aa69a3ae4e7,187
oe:team:1d2d98dc13fa45e5f9b24ddce88c9e0,188
oe:team:1d93dd0f3753b0af50c9f8307496922,189
oe:team:1db6b0bedabd9183def8928e75633c6,190
oe:team:1dc6411295a36bd29c29b1096ba859d,191
oe:team:1e3081dd5c7fccb47f2b0cec82117bd,192
oe:team:1e43deb1f368f7574f37388e87db369,193
oe:team:1e6c5e927a3371615a4b52d6b845d17,194
oe:team:1e6cd215a738a06f6bde5fc43618218,195
oe:team:1e8ab310a44559502177379445ad12d,196
oe:team:1e9864f507023ee6bf40ee13c457351,197
oe:team:1ea33e423fda711df3254bb510eac95,198
oe:team:1ed1d3a123c9cb9961e9dada9786646,199
oe:team:1f2037e30f42a254f0d6ac9df9fad9a,200
oe:team:1f2a633ac1baa6782d705b479d0add9,201
oe:team:1f75fda1d2b3b7aea236e4fd8a5dd4c,202
oe:team:1fa8035bcf1ab3abbbfd0eecfea8958,203
oe:team:1fa8dca98f8e2e8b4077b5622355c61,204
oe:team:1fcd541d3a51d70860c46eaae858ba8,205
oe:team:1ff3f5c94edd806e1fed4105fc48995,206
oe:team:2013af66afe8640d60c0c92073714bb,207
oe:team:202701554502f458c89ef1fab2781c9,208
oe:team:20f564506ae2ad8341b64b17965d360,209
oe:team:20ff34add9114f12f05bf760fe95004,210
oe:team:21060505f3a0a34bbcb8f538cf0e231,211
oe:team:215b3bc4217842708191cc9be161132,212
oe:team:216b87f7739fab7fa9177e7e01c2c7b,213
oe:team:21903b00a2d96c19ca87cb0e4b28527,214
oe:team:21d5096acdfc62efed68418399ca291,215
oe:team:22042a8a81add8ab741dcfc6c8985ca,216
oe:team:221e32a1601f8166140823cfac5fc71,217
oe:team:2261bbacd055e64d38e4c43a2bfcbd9,218
oe:team:22cc1ec02bc49515b9e4a5f6318149a,219
oe:team:22d1a6ffc0fa291465b2fa0ece24b75,220
oe:team:22e3ecae7af241c9c5be021c855885e,221
oe:team:22e85b1589714de8f4aa211025bf1fb,222
oe:team:2360b31c1628a21ddd778891dabac91,223
oe:team:2362f7eb0a254f874a322769e206a01,224
oe:team:2375bf67ae2a232830947aaba2a6be7,225
oe:team:237bdad69af2aa4bfd669ae26456cd1,226
oe:team:23dda07cf3e2a786d6b300cc78a1cf6,227
oe:team:23f2bd279251a0ee0f8c762ee3b0700,228
oe:team:2419c102f4ed9d9a100f80381aa8923,229
oe:team:242740d647af081075d8ad7863ccb4a,230
oe:team:24542d9de62f5d78a1e9977701cda29,231
oe:team:246827ba8505ab1bac1083d093120bc,232
oe:team:24c803324b67186eda323d3f077ce50,233
oe:team:24d4cca360ddad2c3eb478dce8a1a2e,234
oe:team:24de8726f1ed4baa0bf7c946640b920,235
oe:team:2506f4369f41031c5ae85640da9f749,236
oe:team:2540b4a0b7b84883270e4bee84cdc32,237
oe:team:25829f8f0cea05880678526dc19a8df,238
oe:team:25b0751ae06b76d14830ecef0a11715,239
oe:team:25d1db96f2b7d3a30e4a12329939220,240
oe:team:261717b9c2bb2e79e8ae53253d69768,241
oe:team:266c3f54200781c862b534392cf53f9,242
oe:team:266f28c813f67d6f43897ef089f6cf6,243
oe:team:26a71672e8a167cb76a4d3c53814920,244
oe:team:26ff1a9f7fb8e976fbdcc5d2a8ac397,245
oe:team:26ffec0fda09c861a2a3828867f7c2d,246
oe:team:2706074ae324e2df1c6cf90ce644ba0,247
oe:team:272ff09ae291fdf2d216c02a428e1e1,248
oe:team:274c62a6d7e34e0e66e5f267a39d5f7,249
oe:team:279461902267b4990dbdbb4aebccef9,250
oe:team:2799e04c7212d3c262467ef25427eda,251
oe:team:279a86f948fa264006bc8f4e67e5f93,252
oe:team:27a248dbf699599e2a7c30ba9c22e89,253
oe:team:27b676a1e4c8cf0fa2eb95072cf19a6,254
oe:team:27b893ea8ff7bd787106a1f3de4738d,255
oe:team:27bcb7f4062fa834d3aa48013a24549,256
oe:team:27f9a0f6d7bc8ab1e40475cd66a294b,257
oe:team:2821021a236f205783e02a657158e0b,258
oe:team:28428f3022fc1ea52264b35912093dc,259
oe:team:2844099587c35cb0e600ebb009c291a,260
oe:team:2857b1b013cbea649c5c610a18efa44,261
oe:team:2858f1ddd417c4a1e20a1a600126c67,262
oe:team:289284911fb6f41c0ccaecc3a0c2891,263
oe:team:2895c70302bd198ff8327ba552cafdb,264
oe:team:28bd4f4351e19c337f79665da9d649c,265
oe:team:290627d9d3b48188e614d4433d66630,266
oe:team:291b1ecd389e1a53742e4e652a4c02f,267
oe:team:294ae8f82e2061ab10ef6a3459bc02d,268
oe:team:297a4368db36b6d06ab4e3b8c1f1a33,269
oe:team:29ebc72f4b298bdef44063a8fe89751,270
oe:team:29ef85d8a1244d668a749350ff1f2df,271
oe:team:2a20f01b9c2fec8d3b781133e2bb7b2,272
oe:team:2a247555001e6364757f171f158f997,273
oe:team:2a5e5fceaa40b335ebc6b49359abf62,274
oe:team:2a9a3008a57b3410f76ae3e4776626a,275
oe:team:2ac91e85ddcfa4e5c6ec6c9b5d3f3f0,276
oe:team:2acbd6362cc5096e13641bd088a72a6,277
oe:team:2ae1a4c6fe17bf70dd4b5520d60f55b,278
oe:team:2afb248007781e3a3ff485eece218bd,279
oe:team:2b3458d31ba7b76ce1e872c71294ed1,280
oe:team:2b688a6cc8da916b7b3aaf2bd615605,281
oe:team:2b7b9f30577e4eb59af48370ce8679c,282
oe:team:2b9f01782d3b29a381114f7c283c458,283
oe:team:2bcd837658f1f4d46be0deec2de6ab0,284
oe:team:2bd27341f37c47ed3fc176f2ddb9725,285
oe:team:2be2ebecc453760d7df4991a51a8edc,286
oe:team:2bf30b5ea36daa4ed16025d61f6da18,287
oe:team:2c5866dddf12420590b19eb49ffb082,288
oe:team:2c5b2b78e33591922cfc0db2949ca0b,289
oe:team:2c6e7ebd2b826d217cd4987841bd899,290
oe:team:2c73dd4b4e6547f24e2d46acc17dc60,291
oe:team:2ca17e7780f4966b73fcf5f3e4ff97b,292
oe:team:2cb996a4b0ffaca3bcf66fe91450243,293
oe:team:2cdf83c2f75fed75c2c693ee85c81e2,294
oe:team:2d02ba0b874367692a25110f0e321f6,295
oe:team:2d1b8a518ba70fe8352fb0fdd8aec1a,296
oe:team:2d26f8190f9d5cd2e0cb2232d9b7481,297
oe:team:2d358e69f7d1cb5dbd0ab99c7d49861,298
oe:team:2d3ff4730e41e918bb24fa9f070da23,299
oe:team:2d9e95ecefb34c32ff1a997ebe372f9,300
oe:team:2dfc66b98002c5afad2a98dbf86e350,301
oe:team:2e20c05347a053a7257f1bb639b417b,302
oe:team:2e32a1985132a6c92ac8d39a3d158f0,303
oe:team:2e45edc1af6306d418511400cece5ab,304
oe:team:2e66da41dc460dd378e3bcc57042d31,305
oe:team:2e6d581037ed7a47664cb5d147614e1,306
oe:team:2e79800a550f87f2378dbba9368396d,307
oe:team:2ed21f3214fcb3867b89a28ac39763e,308
oe:team:2ede2009837b8d7774a09a5dc367f92,309
oe:team:2ef197afa32eb4689943a62f7211bb8,310
oe:team:2ef1e4f46f806850b2fb250af865813,311
oe:team:2f3f3e58c9f5e3efba3c2c64ee7e4d6,312
oe:team:2f62f7949ae9858fc7f5ae789679b6a,313
oe:team:2f758c15b9c1781b2d4032011ae1628,314
oe:team:2f839cf696806700bdca2c8dffcaa55,315
oe:team:2f92b845198a2186cc5d73860c14eb9,316
oe:team:2f9d5b62dd6216cb5e7e777844e17d8,317
oe:team:2fb261c42422ad5f427d95757271960,318
oe:team:3022edaedc581a4f23f3e39d14bbce3,319
oe:team:30c141fd39621b22cf67eb62dbaea69,320
oe:team:30d6a49f3d5f6455e6bd49dad39dcb1,321
oe:team:30f66b82471e9e35ce3b40e1794cf23,322
oe:team:30fa9a41992f6d79206892a5af03a43,323
oe:team:31079f1545ca2d6e01c96256c3e8987,324
oe:team:312735b75233cb665fb2dc83485c93a,325
oe:team:312ee76ca74cbb5cb984d8b71ef4847,326
oe:team:31429ba7db9414629983bdba5210ea6,327
oe:team:3164955ca46e8960e8b1b520d722cba,328
oe:team:318fb2b9c0a84b9e99c1ef22e01a6c8,329
oe:team:31ac21d217683775f54a242ab54f4e9,330
oe:team:31b35dcae7e5d01be2e407b0abe6a23,331
oe:team:31df330ccc0f1b3b521959a24288ac4,332
oe:team:31f6ccdc4e624abb0a528381291a572,333
oe:team:32c3055d495d91676e208b0c8997536,334
oe:team:32c61c5bf86fc0dad1a88712e34f3fc,335
oe:team:32e7849cefe705cea410ccad1fe560a,336
oe:team:32f5dedea90b1ec28566a3b0c278cc3,337
oe:team:3300cac03807753d6b1c9a80f4a34bc,338
oe:team:333ba9fefa87eda14bd32c5420d7002,339
oe:team:3354e252e33ed55fd8fa14595ca1564,340
oe:team:3383aee09cbbd027fc9ebb11859de19,341
oe:team:33882d595cdafd472dc1ded1b7ee10b,342
oe:team:33968118a37b94e30cae520c22ce065,343
oe:team:33d17f3717f58e12a3da80b377221fb,344
oe:team:33ef9e523e6474ddd4833d4ad1bc8d7,345
oe:team:3401055de8e987e2b873385429123bc,346
oe:team:3406c21f701022dbe9d9bf397b41465,347
oe:team:3413ca4510110b5181f3e4b24d52719,348
oe:team:3458023b7fd22a703b1813dc0163762,349
oe:team:345e0df57cf03f34fe5e509af96e7bd,350
oe:team:34b127df58a2c8b9b072cea604c4932,351
oe:team:354fe9fa9e8a886b397f591b7f28e63,352
oe:team:359f4fcf1cfcd0894f52563d5cae1bc,353
oe:team:35a8556d92988fd1af626af63146983,354
oe:team:35d01dfcb4df96b0fe4ccb8db0ce83b,355
oe:team:35d8c122cd2fd58cdb1208f823023af,356
oe:team:362c31d38bf8e4a3fd5a37cfa8c449b,357
oe:team:364547a649dd1c75e258f0d5168509f,358
oe:team:364b7057b299d4fe2fcfeda934696bb,359
oe:team:3654f597ce52309e2b7d34f9a8c5fe1,360
oe:team:3659b5cb3434354530c31ce71461fc1,361
oe:team:37612c1a4e90b5ed7e0900448c1c198,362
oe:team:37a187007662c2f3506e4a3586cc6bc,363
oe:team:37efc37d42b487ce23fb8d61f0d5f2b,364
oe:team:38b4af2eefb42dc083c053dfa028d00,365
oe:team:38eebf1d7f1cbc9ee434d8bea9b33cc,366
oe:team:391e50581a00cea9f06b2d845b4de05,367
oe:team:3921fffdab4f130255658ea322e1ab6,368
oe:team:39acb3086fdf58728ce570582970c9e,369
oe:team:39d5dcd1979d4062609cf7c1fc9ff55,370
oe:team:3a1d18f46bcb3716ebcfcf4ef068934,371
oe:team:3a1d5821b38ab1ddec52f944973d1bd,372
oe:team:3a46f01a42670667f7a1c63b9fd5cc2,373
oe:team:3a82a0efc78faf326cdc53735dbaebb,374
oe:team:3aad93555aced110c32e285e289128f,375
oe:team:3acdd562c78716845be6449bfa89dd9,376
oe:team:3b1c9e07a26cdc1ed8b830314e19cfd,377
oe:team:3b41580aaafc8fae0130f6868cb8a84,378
oe:team:3b43717f41be607aa14afe1bd1c6ec4,379
oe:team:3b84bb916852d07609c83d1ce91c1a9,380
oe:team:3bbdbd086c3b497980f0a8d932d1717,381
oe:team:3bc449343ffa0783714235cf9b55ddf,382
oe:team:3cb9dbe9618f5c61765f4ff189e79a9,383
oe:team:3cfb5ebe63afedf7c686dd9bb4c277c,384
oe:team:3d3456d514814ba68c9532044bc50e2,385
oe:team:3d4a6fe0ca7bda9057ee1172eb5761c,386
oe:team:3d95efcb0a40984886b3598f77eb167,387
oe:team:3dcde0a1aaf93724e1ba79cad2b698e,388
oe:team:3de6f8727f5d53282e39da4f859931d,389
oe:team:3de935df8f40fbb4d0e564d4a20e6cb,390
oe:team:3e18c32708da93cf6bdbd1d20b76731,391
oe:team:3e4d288f8db8d89105f516d3e2665a2,392
oe:team:3e7c25b77e695737a359094427e9752,393
oe:team:3e8e10cb2ed3bdaa31a961c0094c0a6,394
oe:team:3eb6b5da983552dd32f84d7f0e99717,395
oe:team:3f0da22a1e50a49e14e7e54bd90206f,396
oe:team:3f15fada7994f98f3bc6207bed01c16,397
oe:team:3f5f26df72c4e0c05bf272b1c6cbd0b,398
oe:team:3f907847a2567328254a7c414ed90d8,399
oe:team:3faefd9245a4ef6ba347fbcf2a51515,400
oe:team:3fbe14cabc2c91b41d58e14930276fd,401
oe:team:40084525160457267265923de195e09,402
oe:team:4031f92c96fefcf01482e7d143688e6,403
oe:team:4054ca135a8ad4383af9b6bed4fabcf,404
oe:team:40588fea8e54db0dd6c86ed78262a13,405
oe:team:407a64574852482edb8c1560eab637c,406
oe:team:40840add0aae003de71e03968562bc3,407
oe:team:40ca71047541a6edbbb6e29893f9058,408
oe:team:40d8ba3a56bb69899bc84d078a11c1a,409
oe:team:4103ef051074f24e9566d1b7443c3fb,410
oe:team:4160bf895acdf688dc5312c2280fbc4,411
oe:team:4161958403ac6cd3d1c4c132cda8c79,412
oe:team:416a2fec935fb99b6697e3f8cd6d372,413
oe:team:418bd4b8f699d70c4509d7f9c768a3a,414
oe:team:418c28593a78b57ef74e47d0c18640a,415
oe:team:419bc1080bea0fa43f9923125b79103,416
oe:team:41b7b299a5a6edd09082b7a7253ac6e,417
oe:team:426e3c3c1048f348d88cac6d146d370,418
oe:team:4278e8a32eefe381f75ac6d09218de3,419
oe:team:42cf90f05653e10d6691a5f2e7d6410,420
oe:team:42efab15102679bcf44aa18df95363e,421
oe:team:43155cbab766d2364949a70d7cc1e05,422
oe:team:437a2fa4639d8cb1677176861d69260,423
oe:team:4389119a53bbe91e642f1e60f28f4c3,424
oe:team:439e4e85c9c426a80587a334dc9c2e9,425
oe:team:43ad0e3e1fc0eefeb2ceb9f4f58adf8,426
oe:team:43c075d12246347af6745bce7e5a665,427
oe:team:43ced4959bb9855f62e450057a03496,428
oe:team:43f0e738f499e03374ad0b758c936ce,429
oe:team:4410ecf1b88f1316b6e6c110120c896,430
oe:team:4493f5b2d1af75dcdcc93bbbdb8778c,431
oe:team:44990d61d2b6817c830634b1f652af2,432
oe:team:45157b3486f4c506e2503afebc2c735,433
oe:team:451c3e722d7502dddcb89644aaa9fa8,434
oe:team:4521d75a62eec4d83cf9dfeba436f41,435
oe:team:455551fe1d375c5bdf7385bf56a9722,436
oe:team:45aa17d9e673616344575f3295302d4,437
oe:team:45cca9378d2622cb26d07d2cf549bf6,438
oe:team:462603c08f676fac8ba56c3dd77086f,439
oe:team:464ed025802ab9dbf7f78130613e252,440
oe:team:466e22ca9bc6b20cbf4edfc9a674ba2,441
oe:team:46aed4f90885fb0531287eda12df2a0,442
oe:team:46c474825b4767ff6113d344264f60f,443
oe:team:46ec34791c2aa89c45af2b10d33f6bd,444
oe:team:4717e24738f334e3105a914a0388bc3,445
oe:team:47442e965eb1111493261ea973ae5b3,446
oe:team:477741307b39a84804e727af56a48ce,447
oe:team:47980e0bc08d56ec5a4274f07016ab5,448
oe:team:479a62d88953b27ea1ead81075aa9d4,449
oe:team:479dc9903b6f233af09b0227170a0cc,450
oe:team:47ae4d96b0991cd0bc4271a5d03ebbf,451
oe:team:47ae4f5f4aea5a7a0ab0b9778844cc2,452
oe:team:47b5eae9d91563c34d6d6963bbabb19,453
oe:team:47b7394e386b2ab9bb97100fe136098,454
oe:team:47bf9c96596e56abf93d96d5373938f,455
oe:team:480931efd3f8621f37531ba5eea70c7,456
oe:team:48199c3e87ac9d14cdf50169f8eaabc,457
oe:team:486eb7673f4c5e1f05bb9b1f2ccc59f,458
oe:team:4874e6de4ceddd06bc053532608b580,459
oe:team:487ccffd3886547ad9f9a85faf58f8f,460
oe:team:4880b157399745e82e26e229d8bbf48,461
oe:team:4889684df277c6008eb89f48f94bded,462
oe:team:48d7941ccbd5b89aca46c57b0c2f8fb,463
oe:team:48eeb326e7084ba937fbc1e0d9396c7,464
oe:team:492de98f62f1f41a5255dd0a15ce444,465
oe:team:493ebd2097eb7f5cd5d2cbec7f53a06,466
oe:team:495e76f4e2f5385e54e5b306d770484,467
oe:team:4963fe5123abb5769749897c45fdce0,468
oe:team:49ab43c1250170a36a0d3dc3fbbf2e2,469
oe:team:49f7d0d26c02418d44ffcf34a087068,470
oe:team:49ff3cea05a67e6d79112a5470f7f6d,471
oe:team:4a76af3ced11eaed0ca7c6e4a20b826,472
oe:team:4a81ab52f81b6819837a7f0439f684a,473
oe:team:4a8c0af26c3e3abad2cf15711001855,474
oe:team:4aaf7ff9e32dc4fee354958c19ba481,475
oe:team:4af7101de8aaa0ada19a5937eb60b65,476
oe:team:4b1c69a839b1bb5d3cc392456ad9ae7,477
oe:team:4b2481a930580adc0bb83b582586934,478
oe:team:4b85e66c4e276c54cb7f4428f030279,479
oe:team:4ba35a7ee6378eb1f82d8e706bd6f2c,480
oe:team:4bd1751425ef6a9bc9d4d8e9385b4a6,481
oe:team:4bf1cdb1d7d084e66dbc3e32ba54236,482
oe:team:4c4cf1a1c1cb435bb27ce8d200d8fd3,483
oe:team:4c4f442efee238e1448bc3ad5548a49,484
oe:team:4c5b391ea4c929e4ca8d441c7870245,485
oe:team:4c7da100508f5172550ccf6c8c9f950,486
oe:team:4c87a422072b2c1e754299a17ea36ce,487
oe:team:4c9dd0212552afe76315b616b7891f5,488
oe:team:4cc7dd932bf287501df7bc4e30de138,489
oe:team:4cc87116c34de4956f4bd1cbaeff7f9,490
oe:team:4ccccd4b7c3dba7d799d52c4b78634d,491
oe:team:4d2d64aa97a6a4aaa1a538b90b2b8aa,492
oe:team:4dad6945980f064ce21fc328531ac41,493
oe:team:4df22658777288d24b28eb589f62495,494
oe:team:4df410b2df000c4b430debfe467a76f,495
oe:team:4df6cdd02990bde40c808cf09796dd7,496
oe:team:4dfc9a0f1a6e1f2fcd8169ad3cdc5da,497
oe:team:4e03a96aba9572295ad53c4bfa7d453,498
oe:team:4e28e7839cbb263369dfcb1794a25e2,499
oe:team:4e32226d1afb63dde4a39d02cb1cd0f,500
oe:team:4e5fe936e690fb945932add515ea1ea,501
oe:team:4e653f6d72f24b97fb8f67d25a03c90,502
oe:team:4e8c9129c779623a9d7c00425e873f9,503
oe:team:4eb0013695b2543e1f1a5efe013d978,504
oe:team:4f19751f9f051533995772897da2d77,505
oe:team:4f4727b2da651c6017ec5993bb5368a,506
oe:team:4f5a0b869cd5960c307d1c45e9399a3,507
oe:team:4f945c33c50d670037fb6dad4005b17,508
oe:team:4f9786e33291cc490057a93110cbee5,509
oe:team:4fab8c58565912bb0d057def5e2e68a,510
oe:team:4fc2ce83c0e48f8c07cf04a0fe13b33,511
oe:team:4fc9baf210346939946d5a49f255588,512
oe:team:4fe384f3e93db8f9a984f06a3c75e6c,513
oe:team:5002118fe86845f19af60b4bd653f4c,514
oe:team:503b43b019e9748cc07a115d524f697,515
oe:team:50b16c31d4c8f3ffe958a2105dc9f19,516
oe:team:50c26816bdd3bb2a02def8e11a5cd5a,517
oe:team:50e9f47da0df883740bc17ceff32c4e,518
oe:team:50f58982d91a36557ec8aec52ab014f,519
oe:team:5107627a345e1239ad184df8cfa0695,520
oe:team:51176816845d58dd15984964ae60734,521
oe:team:5126f460925c87fa40d1b37ef0c364d,522
oe:team:5142c879abcb70bac792134b00d86c7,523
oe:team:514d848d968399a239cdcc3d1412f2d,524
oe:team:5169c1789fd93fb88b4e0dfebf36dba,525
oe:team:51784a0e9c9e3da09f28d87e0562feb,526
oe:team:51815048971b363597530c6d350a27f,527
oe:team:518298125ac66f7525bb09ec1b5eb9a,528
oe:team:51ad8552b28c8fa33276c08f9b8ca9b,529
oe:team:51d0aa927d8d8ce1af41a5582770356,530
oe:team:51e312fb2c4611c0466764797df079f,531
oe:team:51eb4ab719043c7abdfca6fdddd1c5c,532
oe:team:520240664f961bf37844d78b76f64ba,533
oe:team:5203ff881d5c82c5f720eb3a2f3b44c,534
oe:team:520d78e8ddef53291798ab89ed297de,535
oe:team:52235db6d4db68f5ab5f3ba3c341f56,536
oe:team:522de665f5644b585cf042680a85b81,537
oe:team:5282afc4205757c0e2a5d607c948d5c,538
oe:team:52d1c320e9e7302ae0565dc110cd1c1,539
oe:team:52fd51dc4607d54f4e6e7b00a69b3ca,540
oe:team:532875bcf5a8fb1cd2f05cd0001bbf6,541
oe:team:536636ce0064fb7b5d3b9e91a0d7ca6,542
oe:team:53721bfbce4ef9543a06114520f6cf9,543
oe:team:5380cdbc2ad2b8082624f48f99f6672,544
oe:team:53a258f289c26d94431c0496a54e151,545
oe:team:53a68cab878347b3d5bc556c8643b50,546
oe:team:53ef3d5a3ac5d88bc000eff7d87aeb3,547
oe:team:541d18c9fef51d35e84731aeff4fc70,548
oe:team:542063f7067a523ca263df1cb72f843,549
oe:team:5436999a3de96fa22facd4bcd0c709b,550
oe:team:5485dcb916189fac2d4ef41fdd90a1e,551
oe:team:54bd9d229a7e95564619f0f44117263,552
oe:team:54c89031152e6070047e4685ffe2984,553
oe:team:54d858264b5700c29cbe2fca7fc7649,554
oe:team:551f75a0b41dd5e9c9d068562434a86,555
oe:team:55669acf4bbe596500b25b07e9a841c,556
oe:team:557e2d6abd8a8896014e4351756c305,557
oe:team:558b79ef1b362e8584a27b6e95bc0fc,558
oe:team:55a4d5740b155eddef49ce090a4506f,559
oe:team:55b3d6b2c940afa4e24978c55dfea27,560
oe:team:55e772f74d76682c821da22459e0ac2,561
oe:team:5627e3ef0b2477289b218ddeb6a151a,562
oe:team:5628f250931675f9c0d20aad46cc117,563
oe:team:5640443378d4820c8b19ffb39afd60a,564
oe:team:570bfe8899b9aff8ccbdd18334ec8ab,565
oe:team:5737b101780a9835142549164be1ac4,566
oe:team:5753d046a1c9282ce2597e81227eba0,567
oe:team:575f4ac938f0343c3e0f26bbacfe063,568
oe:team:5769a39e27db9aa771714d1d6f71899,569
oe:team:5774d59075b9be61779abedd5c227c7,570
oe:team:57ab4379bc2ebd5a0f7f53e791060cd,571
oe:team:57ca6ef2561289fd5bd5ac2ebe689e1,572
oe:team:57d5631e7201b8107fa494d8734c222,573
oe:team:581e5fa873dd0139907fe323959e32a,574
oe:team:581f3c479de594d709d0d84a1c20bef,575
oe:team:586486168f510b191d23bd992a82501,576
oe:team:587ebdbf24034c9cf825a6e731ad058,577
oe:team:588c0f09975443cbfbbe71a9ac1d75c,578
oe:team:590084186c6389b83116f1f83567149,579
oe:team:590c61a318de97dde90d97fed3d81da,580
oe:team:591045589c51305cadf216042381acc,581
oe:team:593d4fdeb992980e2e3860717e33e66,582
oe:team:594b183f8fb081ef64820f31ab8d641,583
oe:team:5984d6ffbed283b363cf996cacff642,584
oe:team:59de6eea8bbeeec7cd0602d12bd17ec,585
oe:team:59ec31a2da0d4d53a4ad01d2b0b31fa,586
oe:team:5a200b1a94fcaa054dd7c5764adbcaf,587
oe:team:5a474b2ad31be89700a3bad1f52f3a4,588
oe:team:5a5f8cc0161f43afe3461b293535517,589
oe:team:5a65820ae9d6b52452d469d0b4ffc29,590
oe:team:5a8bba35fc7744a5bf40635276340bc,591
oe:team:5aa4e9a1fbe6708fd21f323148779d4,592
oe:team:5aef7c486046c4885a0baad37b027e8,593
oe:team:5b16960d02d2b789856319bd8a06d72,594
oe:team:5b3bde865666acea6504cdeae90120f,595
oe:team:5b591ee5220144c1d1a14141921c6a5,596
oe:team:5b76240cc27a58c6f7ceef7d8c36660,597
oe:team:5b90b1fda6971ccdccf9eb32286aa50,598
oe:team:5ba8f69f3398de4c9b200e1f1456669,599
oe:team:5babf9f14b8cc18a551ee1fd2d5c6f9,600
oe:team:5baea1d85fe74c9b5324e0ac7b55f23,601
oe:team:5bdae2e4b1f59b7a0d419c388f56036,602
oe:team:5bef6688c36d00642436d00a83d9c14,603
oe:team:5c116dedda7feae2f6ffc093f844ac6,604
oe:team:5c1805e6ac1ed4744cb02abb0184f26,605
oe:team:5c1d767e4c02111f0def3b6691b4851,606
oe:team:5c5f0acb6a80770623c66e0d6b7a592,607
oe:team:5c99ca932b8499e126991aa8f90e67d,608
oe:team:5cd2cd09ec94296f605dd13a2924d6c,609
oe:team:5d069a5aeb88f79b4b92dfa2b9f2a3c,610
oe:team:5d09f3012c419e96c75321094d349ab,611
oe:team:5d6a39df3a740f807c9d4dc9f04bd81,612
oe:team:5d81332d807fb5ebe9ca0e63fc7f375,613
oe:team:5dd1b9c2ee82eddc109ca9f7f345685,614
oe:team:5ddbbdc2f72c7dcc7e03be83301394c,615
oe:team:5dea096f07a86312fd9dce9eee5acfa,616
oe:team:5e1b75330088d864dcd0c2cef261890,617
oe:team:5e22ca5822229015c5a73cd17f43f92,618
oe:team:5e29baf115bdaaeeb3bafa7f288b298,619
oe:team:5e3055ed3b815352627fec92727dfe6,620
oe:team:5e8075398d5d69a85d1b25000437f17,621
oe:team:5e86e312935ad545ee215e67adcee9c,622
oe:team:5e978e15b58c660c4f0db572e388fe3,623
oe:team:5e97f293e9986969e0abb397228dd6f,624
oe:team:5e9b632a0a9d6901c33e980b637a50e,625
oe:team:5ecdc5d869196e2d21f1491520820e1,626
oe:team:5ef087125f8255546c01970122b3cec,627
oe:team:5f1bc4a914b49c7b7ff4c2f1b8d8df9,628
oe:team:5f36249c69462031e423df16122dd0d,629
oe:team:5f401785b6b78326f9a46b3c6b206ed,630
oe:team:5f51496531ff55ed2b01327a33b81c7,631
oe:team:5f8017c71cc475ecf851aaf298b9359,632
oe:team:5fa7169f2a9ba7a17a9ce3afd59643d,633
oe:team:5fae505234a3d1c41f885c3b7bc3876,634
oe:team:600b76b49b52ddab1ef5f9f9ca4a657,635
oe:team:6030b9c78163f43e8c7034bfccd4814,636
oe:team:603bfbbe0865f904c221dfa62faa8d2,637
oe:team:60411922d8062ecea0c728af9c876a0,638
oe:team:6042dfd171ec855f1069300f12a3077,639
oe:team:606c6ac695907af3823ee6405c58ff1,640
oe:team:607baf04091e515e195644cb08ec21c,641
oe:team:608e3f723c2e599fda1b4237e8dea8f,642
oe:team:60af568eab0264f92225ad6649bac88,643
oe:team:60b1f136230746a33c9f53f90d53a8b,644
oe:team:60d6ebbd85798fb137a4c3f1cef0bb1,645
oe:team:60e5f1fdc57df40ba2ca71ecf3c3b52,646
oe:team:60eaeafbf777168423c362bd8d3bb44,647
oe:team:6100f2588a65a71921d4f8ee206d94e,648
oe:team:611801d741d02f705ab3433a71ce43f,649
oe:team:61450737f7b683db4da7b3e0bf0dced,650
oe:team:61587debb28ffdd2de34cf953cd94d7,651
oe:team:616a6d6c884d5d8713ef0d73559da28,652
oe:team:61964511adf52f5329a7f3ab958910b,653
oe:team:61a209f7bce896c1374c5ca7be58497,654
oe:team:61c8ded0aba830147de246ec1efdbb0,655
oe:team:6204b4f9d845639c01b5085892fd0e7,656
oe:team:622459d5680faa3d82144c4d49a0294,657
oe:team:622a2f5dc9620cda6c9155119741546,658
oe:team:628a7f107a6aedc53fc6e74b22e6085,659
oe:team:62c159a40da42fbccda2555996c3946,660
oe:team:62c1cd9465dc63824593ee5046f5aa8,661
oe:team:631731910c3b71653b00f15d0d45ab0,662
oe:team:63378aef5a4b205c1fcf71696736355,663
oe:team:6347114f975f4949f9b43fd62f45301,664
oe:team:6355abffc8fb5d3670268042d6384e9,665
oe:team:636ad22c939bc97d743c271a0daa83e,666
oe:team:6371a5f480097c75c5ba4ac5fe2cfad,667
oe:team:637d0a65124780ff6ecca6ec06e67c2,668
oe:team:638506106b833cf5649e0490244eed4,669
oe:team:63a32d4afe1be641dd23499aca68dc2,670
oe:team:6414602bd3443e9f8c3aae5c73bbc5a,671
oe:team:643c0d1b7e6efc039d437b21ea33c3b,672
oe:team:644e00b2fc248d4befa4848e338b001,673
oe:team:6468029fb605bd6fdf1cf866e890739,674
oe:team:64a41d3f257e38f07d4bd8570809432,675
oe:team:64b1b7f74d693cae5d71675ac09e58b,676
oe:team:64b59b4a50cdf821d0c4d070b5ed2b2,677
oe:team:65140c73015d004b0456fb43ba373a4,678
oe:team:65381c751e78df337720522a7275412,679
oe:team:6549d1a5cc99d18e80b5c65ed0f81c8,680
oe:team:6567b6e67c534f15e044f3b430fef3e,681
oe:team:6575d9a58f0b41a108f2d6a565a0650,682
oe:team:65838799d4f18b5f3cda973edca3e8b,683
oe:team:658a021a796aa5501503220adb38cf4,684
oe:team:659132057bf3872268ec0676b57862b,685
oe:team:65ef83f1c6a889cdc68ff12943c9f45,686
oe:team:65f7d8b9f9b44f3476f64abf64c3c19,687
oe:team:661399cd57d6efe4a62201665c4ebc8,688
oe:team:66183b5685c9e0a01698642ff9bd420,689
oe:team:666515300647cde21ae9c59716a931a,690
oe:team:66752993077183caa68074d77b81cf0,691
oe:team:6682645faf448187489b1b9fe877172,692
oe:team:66951189b9e08c162667e26facca95e,693
oe:team:66e08436a077c287777406c045d7b27,694
oe:team:66eccb6faca7fd5e3cdf4ccf903385c,695
oe:team:670864fcb76e8cbb5123ee8de639b08,696
oe:team:67140a291d66109643b99e9dff2cbc3,697
oe:team:67169969ecc058b307edfa9c6b7a3c0,698
oe:team:6764a62b5bbe9cdcd8a8f97df16464a,699
oe:team:678f5605ae9ccd6ada221305d37f7f8,700
oe:team:6795b2eb09949cd70e100ccd9f3f4a8,701
oe:team:67a8a9e3f3b1b16e9c4dc0ac8aaa514,702
oe:team:67acf50fd9db87b9aec311bedf9bea3,703
oe:team:67d3ec1d2fa3c09c24d226fc7eb0046,704
oe:team:67e0f56bd57e2c81697e6936eb6fd66,705
oe:team:67e83499cf1092d4b491ad0084fb867,706
oe:team:67f88609cfb6ca6b201ae9a808c0e6f,707
oe:team:67fa892b6ce24fdf93916569f3897d9,708
oe:team:67fd6872ba50981ffb3481e9abf8a61,709
oe:team:6827c3eeac39f6467fa2163753a508c,710
oe:team:6829e554d78eac8d403444754b60621,711
oe:team:6847673c12caa91b1d6cf66f52f5dd3,712
oe:team:685ec10929b61b7e3c50cc97d5883e2,713
oe:team:685fb3a358db5c0fa5090a445feca36,714
oe:team:68911b3329146587617ab2973106e23,715
oe:team:68d9c4b067b3b6d5f3d5e4b1adc9f6e,716
oe:team:692bccdba8ec7050f5aeb916815439e,717
oe:team:6934a11328a9bc03556896290420b49,718
oe:team:6941c63e43125b02bacb47ff9707814,719
oe:team:6998237450f7427fecdf5535de44aaf,720
oe:team:69aa914c3c6ec71f1c8aa4fc03abc4d,721
oe:team:6a04b6d8daa2cb0c623e81db686de40,722
oe:team:6a060bd74c9041bf0aa89adf9d15d12,723
oe:team:6a4c502c27267c22c54b431be11b43f,724
oe:team:6a622995ad838febe8b15bdd3d0c9de,725
oe:team:6a68fff9fc521e2fbcab2fc19978d24,726
oe:team:6a6c4be6b8b9014f798219ef82db492,727
oe:team:6a87540e0a690bc1aa918c3c31b21e7,728
oe:team:6aaed163c1cc8908851232141caceca,729
oe:team:6ade097e0260f32abcd4165c83b8795,730
oe:team:6b339976f82ca5625d59d16e40dd1a5,731
oe:team:6b34cc2352576d0e4f8d0da5b9521e9,732
oe:team:6b4e04b5498281cfb61ef8955023ad9,733
oe:team:6b57c465157e1299f3f87d2c8767de6,734
oe:team:6bbda53cb536e51fc2d3fd0256951c1,735
oe:team:6c12501a3ea9d19dbbd5619f3f938e9,736
oe:team:6c2ceb74557e37080fd69a632a4f860,737
oe:team:6c8bf5b93fd189943d784b55bb71b61,738
oe:team:6c951ee7222ac9acd244aa88c9e8330,739
oe:team:6c9ef0b5da5c5697051a9ce0eec23b6,740
oe:team:6cbb4413aab3129b90052a4a413d75f,741
oe:team:6ce0a8dd22626bff39fc36240eef7ee,742
oe:team:6ce440e4a70cb66fe47b84deb9e068c,743
oe:team:6cedba5819b5b7c465cb3bb48bfe855,744
oe:team:6d17eb4ba840f83bf65c9a19c656a53,745
oe:team:6d67a82053d3c1cdd25fb9c5a9e64b0,746
oe:team:6d8869cea2b945acacd32c7573f95ac,747
oe:team:6d92c120d5550d72128830b0a4df0f8,748
oe:team:6da30cd905c797eaea30aeb18bc091a,749
oe:team:6db10eb2b230fe5af5947ce5d46bc9a,750
oe:team:6dcacec00a6ba7576c5ab7f30c995cd,751
oe:team:6dd9fc16013a656e475c1b1eb7d4e06,752
oe:team:6df3f4d9e60d9c1523e02b4b4a8cde4,753
oe:team:6e14f9bf67e6e4000df4d600ad43bfa,754
oe:team:6e30eb8b4abb3420042ac3a2eef5f23,755
oe:team:6e322bda09963acbe90845ce95e76f4,756
oe:team:6e3823e272bd5d09c31ee43c80df7e6,757
oe:team:6e3dc75dc40096ba9bedd4098b676b9,758
oe:team:6ea50016f0954ae510c85438906534c,759
oe:team:6eb26cc7d52822f5c721c8045cc8dec,760
oe:team:6ef01b22224b92f917d70dd9f33568b,761
oe:team:6f0162b86d2a0d206ba9a08a1da14be,762
oe:team:6f30f03d10ff80e0355187c6d7c6be4,763
oe:team:6f61abe84654a499297eb91643581ae,764
oe:team:6fa5a72fecb65f4271496fa35ca73be,765
oe:team:6fdc1069d1d3adf089d6ca73d8ec06a,766
oe:team:701cc9a49e30d35bebb81fbafc3c9be,767
oe:team:7028068cb1c8be18ba79b4d656123bf,768
oe:team:704dba1c1ea7d27403638c9df54cc43,769
oe:team:7059e08408418e21e2889f05669912b,770
oe:team:7095511f957b70cdefc430c4c177457,771
oe:team:7108af535f0d9b910b6e4ba8e03d022,772
oe:team:7109f52153fb32f851ab4af575c272c,773
oe:team:71cc230a7d2155dd4958f3de7ad40bb,774
oe:team:720582b405a4fafd693c0c55a1f5419,775
oe:team:7212e3764623f9aaa8b18e3f3f0891d,776
oe:team:722107b1d7bc5b210c8b65bca71ea31,777
oe:team:724389b7ca1e2ed397ccb7bec52fb3d,778
oe:team:725251e1e124c1496510b48269aa465,779
oe:team:7276a3089a0ff2fb055ae059a87bebf,780
oe:team:727e5078b5daf52d982d59909e6055e,781
oe:team:72988cb15f0a6129beb79508d9a3162,782
oe:team:72c433e58f2ffff50fb11ccb1b9dbfb,783
oe:team:72d49cb85f06f2078c12030e004a88c,784
oe:team:72dbb628b62f86001cfab61bc031f76,785
oe:team:7306bbcc9ca5d0b66f56d62d1d1c243,786
oe:team:7316113e1ebfdb7e17065d06f95a8fa,787
oe:team:731b7a9fd004cdbe2bcb3da795bce47,788
oe:team:7338408a0fe0217451d2c9a567db999,789
oe:team:733ebb9dbf22a401c0127a0c80193ca,790
oe:team:7364ae7e257c7063f49674c53557c48,791
oe:team:7371eedf0baf94215c35aaab3130d71,792
oe:team:7380b73561abdd86c2391e9481acd4b,793
oe:team:73ebe8c6bb0621f090da33008832d1d,794
oe:team:73ecd29b1247e79bb564ec09cb51d3b,795
oe:team:73f3126d91d35faa5d5ce34abadb865,796
oe:team:73f3cc4e54620b1454530648442e066,797
oe:team:73fd73cbf2497f12179741f800f02f9,798
oe:team:7451f7cb524834f5b06c6da2ad7adc3,799
oe:team:746a5d153c14c2727ec6c086f1763fc,800
oe:team:746be9a4c3793ab321bba257c450864,801
oe:team:747118bb5b7c9205440e3d565a5f89f,802
oe:team:74df59d74d9fc4559d80ab13034ba77,803
oe:team:752142f82bfee344e60754832e2d4d4,804
oe:team:7550baf6848b4c199dda63607978183,805
oe:team:75760dca486d4682426196b76bd1a54,806
oe:team:75a4d34e4afac036d164b0f1a580486,807
oe:team:75a7e5b883e51c7ec13e1580c0aa009,808
oe:team:75f5f1d80d6a208eebe887bece2c451,809
oe:team:7609bcb79367941bb00fcd2cd7a8a1e,810
oe:team:765f134111d0ab92e28515ff8178e60,811
oe:team:7696cbc1be4accf7f39391f87ff81ba,812
oe:team:76b516358ee227ba806ba5d955b6314,813
oe:team:76ecde5c27efc1f27885bfcab917c01,814
oe:team:76f7672e031bd51b67dcacb01731e10,815
oe:team:7735365798c6bcf3c3574ccd873c6a0,816
oe:team:77451e1c46e819c6edcf2d9ac5d7f5f,817
oe:team:779aaefb139c447bdc6950d89221014,818
oe:team:77fc49e1f3cf3ab3814b897f2b61cd6,819
oe:team:781c236369001a7dd7c0586af3cf8b2,820
oe:team:783df43f5fac1f660a576bcc8e9c270,821
oe:team:785bf7c68fff8e64a5b17ba5972f10a,822
oe:team:786880f9b3bc8bdeafa1f7b250642be,823
oe:team:788115a84f68bc65fa6d3a4e0f67a3e,824
oe:team:7894460f171d66e8ffc149c05b056a8,825
oe:team:78d4e0721edab44889b93d1a9faf9cb,826
oe:team:78f183fa5a7d8ecb22b9ad272c3abd7,827
oe:team:7931d6d331270fdf093b49a51a50db4,828
oe:team:796ea3d66925fb0819e543eb88eea1e,829
oe:team:79b1bfb5e365f605aee635bc9198945,830
oe:team:79da6e4c61cc7c2baaa793f76839831,831
oe:team:79fc65ce199f2e4fe97e277bdef6695,832
oe:team:7a41aed19e5c6f7fd69b0cfafee4071,833
oe:team:7a42940d69b1850f89df16fe7218d0a,834
oe:team:7ac987e3cb5774be7c2d57f3a902d9b,835
oe:team:7aebbd262ba4e37525795a0e0846ca0,836
oe:team:7b13b2cc48c457832262d00d5ffa6d6,837
oe:team:7b78cbbf0aa21ad687cda4009810714,838
oe:team:7b8716b2844c07fe1a6d7ce84919276,839
oe:team:7b914afab59e61931e6d546c93acd0f,840
oe:team:7b9e20d6e9a96efac45522f9a7b8a12,841
oe:team:7bb33d6141f427f4f19b019f5eb7905,842
oe:team:7bccc87651259205127166d5fd82a68,843
oe:team:7bd8d762a338118fce3df129202eaed,844
oe:team:7c0d6ddccf3c0de76d3760c5d1e685d,845
oe:team:7c1df37eb66c8c498b823787634c4bc,846
oe:team:7c478d49c05e056db41158bc64f4f26,847
oe:team:7c64febcd5ccff13dcd035dc6867a00,848
oe:team:7c70757b78984c0990d99dc3524395e,849
oe:team:7cad317ac6d3deeb0421bca81551efd,850
oe:team:7cb1e8619b4ca2db153771943f0b9fb,851
oe:team:7cd8dc1c987b84b99e3d246d1943c92,852
oe:team:7ce620feffbc833577b805ce32faa31,853
oe:team:7d3f1f5d2a382251cc3b30d01233958,854
oe:team:7d6673d3a9d00363c6bebc1a630da6e,855
oe:team:7d81087d536bb108e36a3966efdf7e7,856
oe:team:7d8c130d2b311b6293873cbfd58c561,857
oe:team:7d972ad90215f34c0b41ffd5734c0d4,858
oe:team:7df78a658a1ca10f6d413c775cf35cd,859
oe:team:7e2401900a9756d56a10b66590357fe,860
oe:team:7e3dd5ff49e1a44784d225d2de40260,861
oe:team:7e3fd5132aca2bc587da974690a3980,862
oe:team:7e56e9367c023df96cc8257ff4e16c0,863
oe:team:7e76012fb69f9e19b2dc690dde98ac1,864
oe:team:7ecd295055a86992d94f07f571abd9c,865
oe:team:7ed86843d30c4d421da2669be889336,866
oe:team:7eeeaaabeefa28f46686c865d9c682b,867
oe:team:7f0dbe2d7087bdad6566b0c0b81ad7c,868
oe:team:7f470540da8b0e7f3731c8273f8489e,869
oe:team:7f558ae3ef0742800bf509957e7a3d8,870
oe:team:7f5fb0bf91044f65546ee0197d24a27,871
oe:team:7f5ff8b103655c631db30014ce73a6c,872
oe:team:7f60009d2aa9ce24f05deec2010a33f,873
oe:team:7f7395d536372f0927503c2c40d1c9f,874
oe:team:7fb67efb7459cbbba2a9eb30196d62e,875
oe:team:7fc9f6b6b4b32b25ac385379af32647,876
oe:team:800133e1f0fb01e3326d93eee58f0f4,877
oe:team:8018d19489ff674e33727d54e9c0b4f,878
oe:team:80273ded915e8e99319d5610cd03754,879
oe:team:808802433f8a06e8632de7eaeb2d676,880
oe:team:809957ac5348a94a81ebb138b8f3379,881
oe:team:80a20530bf98c90d5b87f64b51e8bd5,882
oe:team:80c1e13c9d9ac3eb627c964092742b9,883
oe:team:810d335400a6391892d9f9bef5d57b3,884
oe:team:811548fd73c60743b29eed0e5f73720,885
oe:team:8120bc8b433f77dac74abd20771f8a1,886
oe:team:8129cf4a441af6379d48593e7e6918f,887
oe:team:813dd5137f04b19ed1b27465511a56c,888
oe:team:816fd66f05f2069179b4c7f6a32fcdb,889
oe:team:81b87e5a9643fc160041020ace83cae,890
oe:team:81e49623deefa7a783ec7a8b4b4ae13,891
oe:team:81e893f8e0c0560f8428f7c918e92e5,892
oe:team:820a182de738908d69fb74a7745c677,893
oe:team:8265f85d8735e77263455fb97ddc95a,894
oe:team:829dfe12e8897e57883e53610867b8e,895
oe:team:82e3504486eabe3575dc4b5ff507451,896
oe:team:82e9f79d33605efd892beced7a35440,897
oe:team:8302c2d2d001eeeb1a8496f581e99ed,898
oe:team:830f05a5024d0794bd8d5b598b2432b,899
oe:team:83614d04de89b4e9fa13ebf5d3aa5d2,900
oe:team:8399bf9150237c73be9e56066202a4d,901
oe:team:83c568e535f5a821e452a9a6cf2e267,902
oe:team:83f5468c58ea895ffadba299f475a14,903
oe:team:84315572819d9799b654528873efbb6,904
oe:team:843ed057cd91ae75790014082499530,905
oe:team:845f7165c7cdaad9d2a2d764375d0df,906
oe:team:846fd5a569a9d306b647411861e962f,907
oe:team:84d208915088885cfba993570949df6,908
oe:team:84d8e19b7740d3aa61ac4529abf8ac9,909
oe:team:84e1da9e55480128662cfdfe79cb892,910
oe:team:84ec2a9e95dfe995742eb5108cee0cc,911
oe:team:84f2d760b83c76fadf318ae1e8992a7,912
oe:team:8516ca63facc91286d6c00212ca945e,913
oe:team:853a1d4037366856c872b104ea2686d,914
oe:team:858117e8241051433bcfacf5fdac547,915
oe:team:859ba9cc86a5e82118bd364ed2d51e8,916
oe:team:85bf857a01b615a257739e34d9f0720,917
oe:team:85cb0853a7598ed4d820f5381312634,918
oe:team:85f9c508d56b7ed3db09d9c7a933513,919
oe:team:85fcd014fb0b98c94dcbf3f7f1f207d,920
oe:team:86bd7e5d5feb9c91d3026fdf741ef07,921
oe:team:86e551648da70c86cb473ce5d5f26f7,922
oe:team:8726cc5f2f30137866f13cfc53a9fb2,923
oe:team:8776b7033f1bc10634e50d90f861c1d,924
oe:team:87e3e1e75839f75a10bbc66e894d806,925
oe:team:87ee02298073abc2d55060f097d4041,926
oe:team:88181dbc63dfbd1664e8a1e8846ed21,927
oe:team:882489a21810ca2d45a4fcddb00d6ec,928
oe:team:8824dcf25a4ad98b02d3b8fd3361d84,929
oe:team:885eddef5df7c403b631524a951ca60,930
oe:team:8876fffa2a609c6e4cfddfbbaedc2dd,931
oe:team:888e2625be28a957836e6274721196e,932
oe:team:88d38b09586ab039ce64838aa57cd84,933
oe:team:89008bdacc273b554227d6b76869381,934
oe:team:8943b9a2cd4bdae374d4a0a64c9cf09,935
oe:team:89bd16bac1dcdbb669bf9ff28aec00f,936
oe:team:89d1736937ce3251b8fc0483c356230,937
oe:team:89ed24eb5dec9bd396c48c780673cd7,938
oe:team:8a7675b5d0c1386df989adf7428201b,939
oe:team:8a9de50199b393cd7e860e0da9fa0c1,940
oe:team:8ac27a5e5352fc23d134a1c6606ee62,941
oe:team:8ae3b1b7a8c9ef4336dc391318a2c6b,942
oe:team:8b1ecabb6bba3b37566ed7b51e1f9af,943
oe:team:8b433bd19b47f21c36722f766717f42,944
oe:team:8b52915aa28fabc19fab7d7af5b84bf,945
oe:team:8b76a6be17ca3ef99e562b7deb8a3ee,946
oe:team:8b823ba88c451b0360a647d8e77808f,947
oe:team:8b83746d117ad44d17b689eab7cbc0e,948
oe:team:8ba229067a5105945896e0e9ccdf83d,949
oe:team:8bcb5c0aa41c119da58107290671f4d,950
oe:team:8bf38b3220e51b26017de211b8e3036,951
oe:team:8c6a9b88111f0f2ed8b5c6c5f42614d,952
oe:team:8c6d21187fb58b7a079d70030686b33,953
oe:team:8c71e7ef32db945e204dfe507ca0b2b,954
oe:team:8c81de10bc9e8ffe93375f78b73aed8,955
oe:team:8c840b4abee1640e81a94537623dc79,956
oe:team:8cdcd791dbcd3d0cb8fc18d9f9d0a01,957
oe:team:8cf7783c1584820ccf70723d683e137,958
oe:team:8d09428f093dfbf3c488bce350af0b1,959
oe:team:8d10db7607957d1126c63c3192d4930,960
oe:team:8d28566280e9804c201b4031b9be4d2,961
oe:team:8d47748b0e2a0ac34c90891889805a8,962
oe:team:8d48390319b4f7c25c13dd410b3a0bf,963
oe:team:8d4bd0816b76bc1a855963d34c13aaa,964
oe:team:8d538207b9de9d20e1a525aae593515,965
oe:team:8d567f356b6454fc287a81f6467cf35,966
oe:team:8d91a7a5e315ed163e09c72ad22b0dc,967
oe:team:8de081afe2ce8b05dff41610b880b5a,968
oe:team:8df5e2c8825f60f136b2cbed5633a81,969
oe:team:8e27b674a472ab529e758f13f0bace0,970
oe:team:8e2b0d0cd75672565eb80d7e5beaa92,971
oe:team:8e34e040d5bd4c7f4c6e3406d78b555,972
oe:team:8e59548c40b71c4232405f8b54fc7f9,973
oe:team:8e8f04c4040a90e878b7bc4bc84a9ca,974
oe:team:8eb884e168f28402ce685bedebb5250,975
oe:team:8eb9a212591f919a353abfac0c0a52a,976
oe:team:8ec1d9b925364a4f40c174a30023afc,977
oe:team:8eced35dbf4b2e1fc9f73d2ce972ce5,978
oe:team:8f3490a556855787a9949347ae9b834,979
oe:team:8f995652631df209ff11c4542abdcaf,980
oe:team:8faf26a1c15f3a92e0383bc23ca3a22,981
oe:team:8fb7f5b556a2ea521252d37459c6d99,982
oe:team:901dbcb5c35166c95ec603ddbf858f7,983
oe:team:9034597e77937456f89960ad1b8615e,984
oe:team:907351811cc0343ae5746cd2c75549d,985
oe:team:907ac96f613a86ac9d63820a7d57ce9,986
oe:team:90938c428db11f6e372f5c6833b9743,987
oe:team:90a3fe0ae48ef2bfe82b20711646096,988
oe:team:90b9e6e49dbd149490c883ec1f7d619,989
oe:team:910f427f2ddacae3105b2dd73dfb8d7,990
oe:team:911e2c053ed5ccc74ae46c53d8b87db,991
oe:team:9189f162df19b0ba578235b78bbc91a,992
oe:team:91b2523df100990f9ca59be20dc3244,993
oe:team:91ba0329ab84e56083678846c7fddb4,994
oe:team:91c35185025768de7d8aa448933f56c,995
oe:team:91c9cf14d344ea993274f77fd9fa508,996
oe:team:91e745607dea86d98f6307553e0491d,997
oe:team:91ec0b2fa7bcf8baa6b4deddec7141e,998
oe:team:91fa95faaf50bc60760526b25974fcb,999
oe:team:920c52a8d7dbd6f216f9e59b825abc8,1000
oe:team:920d4a03397129a99a0d796646b9f7d,1001
oe:team:9258ebe3b68150d21add891da1b6ca9,1002
oe:team:92a5dd0b813a9eea72ba22adf5fe78e,1003
oe:team:92bc5b008ab5b69917c98fe85e50594,1004
oe:team:92ebcf3407842256ee7954c5e2390a8,1005
oe:team:92ede2510f2ad0234b1dd75f03108ae,1006
oe:team:930d1e1711261b3c319e7c76484a0a3,1007
oe:team:931fd7145df2dee0403461381e45b58,1008
oe:team:9336ce46babf314b50e3a103506ae0a,1009
oe:team:93c730021ff69abdfccc4911a2f666f,1010
oe:team:9406a589875b3af59a840ed9674126f,1011
oe:team:942f081524266b6e4d206f62da8e6ea,1012
oe:team:9454328308280a614737117e4326bfb,1013
oe:team:948ad976121cb4b2f628ecced7da1ee,1014
oe:team:948e3c29c3d34294bdbc08ca06ec0bd,1015
oe:team:94e404e87f8e9ebf3ff11a1dfa62dc9,1016
oe:team:9548eb0ae58f318888c036712da329b,1017
oe:team:955313528df0835dd06b61b9eb2aa0f,1018
oe:team:955d9ba35580bdcc7bed3f11736b0f7,1019
oe:team:956aba50c93849d09fac4f00c5db750,1020
oe:team:95786f2a93617fcde81ed16ee15f5bb,1021
oe:team:957a0b20bb6ce6491d39eb82e5fcb17,1022
oe:team:9589babfa44eff55bd391b13a9074b9,1023
oe:team:95a3aac041d6e4b3dfd81145330c6e8,1024
oe:team:95e6dffd3a0a0be2b8c7c737ac017d5,1025
oe:team:95fa2bbc5eb242e7c3243c3467e32f3,1026
oe:team:9604d03f235a62e504a79be47eb61c6,1027
oe:team:963d2ba50b08c4a53571a83e6a7cc46,1028
oe:team:965cad858801dad4dfb5885de2f7db7,1029
oe:team:96650034ab211d5a9a58264d5a76628,1030
oe:team:967043d5ddfbbf373eb3c3954387564,1031
oe:team:968eb31de624c891997b3d80121837a,1032
oe:team:969667ee6e31f83d6da935558895498,1033
oe:team:96d4e03f36d8b7e463892e5ece175de,1034
oe:team:972ebfdff75f6a30cc82aad4a35e2af,1035
oe:team:976f493ffced42aa45f10ce70339c46,1036
oe:team:97a0a823fda2047f7ce43ecf0e5f12e,1037
oe:team:97d75db5c9305a139e32e39655da315,1038
oe:team:980ab072663574c2e4fca71f275d302,1039
oe:team:9845928d28708fe756edc5dd7318496,1040
oe:team:984c4fc2610cfb9285f5702d46cf68e,1041
oe:team:9874244e1d55d280cb0bad2070d9a13,1042
oe:team:988ec64c309f7bbb4f213dad89f4b0d,1043
oe:team:98a822e248d67152cd85edbc4c75c65,1044
oe:team:98a9ba345111f7398ad7a32e0c787c0,1045
oe:team:98b04bf2ce15d307f6afb1254004629,1046
oe:team:996738a4a0d3d56b8c1fdcf003f23ee,1047
oe:team:9981ed8d509feb1b77d43af088fd0b1,1048
oe:team:9a05c2942353d2f3d466d6bcb640459,1049
oe:team:9a09ff82bcddf9b01cb51081074c0ae,1050
oe:team:9a3327bd6c9a07e61350e24d97419fa,1051
oe:team:9a512ef54e608a160c7657aa1b6ec84,1052
oe:team:9a6cddd5ca373adebf62539aeedf9be,1053
oe:team:9a7713efaa6251ddeb7736b04a99d07,1054
oe:team:9a7e82857e8df9eb77b1bd463691561,1055
oe:team:9aa855d087642f20ad7e3a7ae5c8251,1056
oe:team:9adc852fe2e027c5e4abd53ae8915ff,1057
oe:team:9b09acb83880c52f76efbb9b6d17c2d,1058
oe:team:9b0df420260436d585355369af3cbe6,1059
oe:team:9b290e4aafba34a0f1caaa02fbc6ed1,1060
oe:team:9b4a7228059e863c153b3e196ac85b2,1061
oe:team:9b4c0a1b3fce5f8df14d86277203dfe,1062
oe:team:9b9cc5a065b0b4dd8f57b23361f03ee,1063
oe:team:9ba69c103bcfd680652144161843038,1064
oe:team:9bcc3882a74d7ec2b66f7067ba31bc3,1065
oe:team:9c05f0b234bce3c3f6c0fd7106dca4d,1066
oe:team:9c07a8db250057eb7af3f7522b9a54c,1067
oe:team:9c11dcc627ab2baf49d113ce6aba078,1068
oe:team:9c1e113110b4cbbe5e29ed549969ec9,1069
oe:team:9c706ff52b1746f7b4699b86db72fe9,1070
oe:team:9c852b265abe189b62a514ce836b619,1071
oe:team:9ca7f06c29e3a4013e85dc0ccf88669,1072
oe:team:9cae7677cd0dbcc1cd86653870b73c2,1073
oe:team:9d077b7dd546c066fbfc0a56d4dadcc,1074
oe:team:9d31d6680574d0709870c340cf0703c,1075
oe:team:9d360cb53ceabaf46a078820f7370b5,1076
oe:team:9d4860bdb68e36c39e6a9d36d3d8fac,1077
oe:team:9dced510f02f8586ee7501922484ac0,1078
oe:team:9e12a15ab90a0a26c7e4e5308d3924c,1079
oe:team:9e21e206a6c679cf4b28511d9c03455,1080
oe:team:9e6526e349893ee3604c6e43fcafea1,1081
oe:team:9eb531c72890b1ae7e50122f0884f37,1082
oe:team:9eb54fd65f627fbe91f9452fee87632,1083
oe:team:9ed161c748673bdb61d92c3e82cf52b,1084
oe:team:9efc9069228bc0817c7a9bac775daa7,1085
oe:team:9f3c8ed4ad53efba760b6267af69b7f,1086
oe:team:9f4d6a0d3f64dd4a431b97862bd88aa,1087
oe:team:9f837e0b7d5a822babf09cc081b7622,1088
oe:team:9f8570136192e22b6e703c51ed81742,1089
oe:team:9fc25674200c10afd54d7ebb1a62a79,1090
oe:team:9feb8ebfa423e419320a66a09cfa3d2,1091
oe:team:9ff9802d71a1c44c5046ec222bd97f1,1092
oe:team:a01c47cd9988bb75cb93f4aeba32cb0,1093
oe:team:a0995be66c38dc996c6fd94bd9db9c3,1094
oe:team:a0a78d5a95671aea7ba8c46f24cd33e,1095
oe:team:a0c225ada0851e721976c70ca16dac6,1096
oe:team:a0c61d7b8ea9386318c01e0d5204a54,1097
oe:team:a0eb0573dbdb2b6f0fe2a0c40559ef3,1098
oe:team:a0f0ee0d7ff81dae79b2580688fb76d,1099
oe:team:a10518b2ac8567174d81bc6a7e9b540,1100
oe:team:a10cab12e1a47303e3ec014e09d51c8,1101
oe:team:a171b75ac0c9cdb81a4d66413a6f4e7,1102
oe:team:a17419c119598748edfc4c00e060572,1103
oe:team:a179c4d51956d861145724a1c578e35,1104
oe:team:a1934e3feca7db728021f9c61a6bc27,1105
oe:team:a19a63a498e083aef0b8fc70b2b7715,1106
oe:team:a1ce95efef52e7d4372ee093ee66baf,1107
oe:team:a22510a4756fa424cb0771b13261139,1108
oe:team:a23ce736c2f04077f0cbb27248d12f0,1109
oe:team:a26e2e9c07c2a3dde0c711a406fa20c,1110
oe:team:a2af8a630966a79f15f17d89b1f97d2,1111
oe:team:a2bb57fa2128f7cab5d707d66540813,1112
oe:team:a2e63aee03585f0b37ff4cad936e349,1113
oe:team:a3163ae7be388387914d76fe89dc036,1114
oe:team:a31fdd71fc715fc1ee4a50fe19e828e,1115
oe:team:a32a2b3523e4b21334396c1d0b6aa11,1116
oe:team:a3638620a82964b200e729c47dfe88f,1117
oe:team:a376ed223776110ba2749fc65c07896,1118
oe:team:a38ea999e47fb979b560472be410271,1119
oe:team:a3e5d7937cfb8a6d810b5d18d0b1fe7,1120
oe:team:a3f351cccf5d008c2324c9a2a1adf22,1121
oe:team:a42600a99997fca0d35f2821662b997,1122
oe:team:a44bd8ff05b5aa133256f183698f5cc,1123
oe:team:a46bbd97cd8f657483cd2ebe65807fa,1124
oe:team:a47e0c589cb9648875be30e30173f4a,1125
oe:team:a4b8f2a5c30a05dd32e2c0f3f97b1b3,1126
oe:team:a4c1e6b5351888706b6d2b95479fb17,1127
oe:team:a4ca69c7236ad2293831575c2595227,1128
oe:team:a4e65fbd9139baf6a85d188d7c9dfa5,1129
oe:team:a4e812bb963821f8b0f5a5bed31521d,1130
oe:team:a52f0919a02a88ffe47639587f72073,1131
oe:team:a5b345b357701f1ae4ca1cef4c8fe52,1132
oe:team:a5da55d495c7c86da763c939ece69b5,1133
oe:team:a621a30c938fad7388e9621fbd548eb,1134
oe:team:a65adb2808377018a2a7832eb2bd7f4,1135
oe:team:a69604de13edd910cbd314b60c91f0f,1136
oe:team:a6a9ea0fa71e2e96cf5d5eb6ce9a4e2,1137
oe:team:a71099f02ea48590446b27993a6732a,1138
oe:team:a73a242584df96b35d6e606d93608f8,1139
oe:team:a74df244efe687c05230accb77a383d,1140
oe:team:a7a76c2d37e9b45217a8f7ce66ddb8b,1141
oe:team:a7bae5ae93d535e22b517b6b53d2006,1142
oe:team:a7d0fbf8d498d1ecf38752df7f6259d,1143
oe:team:a8155b0ea02bae01cd41369018837d6,1144
oe:team:a84c56ac7e3b489e0c1d580bc179a58,1145
oe:team:a853fd5749073c512ab2250330f159e,1146
oe:team:a8760a8e23903488198e84618546202,1147
oe:team:a87f96bba57cf77564601348d413ced,1148
oe:team:a8c6d9059474d8fa4c57a093e9e43ac,1149
oe:team:a8c8d7ddcc650370a3efd256810ea64,1150
oe:team:a90653c5054faaece9e6462622a1593,1151
oe:team:a9145b7711873f53e610fbba0493484,1152
oe:team:a93534e7216950180b13dbb88f26d2d,1153
oe:team:a93b0198b3f1062ca3302600b4f12ba,1154
oe:team:a9744fc5b0ca952b17ef07c0aa99602,1155
oe:team:a98857d2543af198af5ca1b1532d5c7,1156
oe:team:a9986d8da91b2157ae330b45ffc81c0,1157
oe:team:a9a1ccc73a7b43036564a30bcec844a,1158
oe:team:a9deae81a8c100a7c823eaff0aaf305,1159
oe:team:aa15ab1242b04fe5178062d343902a9,1160
oe:team:aa2a535ded3bc45217af1684a4451c4,1161
oe:team:aa3f831d6c456d1739dddbade7aa9e4,1162
oe:team:aa56a2e65d8106aef3c61e4f6bf94fd,1163
oe:team:aa5d01bc4196e3566f3abe33d05be1b,1164
oe:team:aa780995928f3f687c5fa7edcf3490e,1165
oe:team:aa8c3b781d96ddb7a24ab3240918988,1166
oe:team:aa901e4bbb1fae688437d636787b958,1167
oe:team:aaaacee1fb3399071bdaa0e6a24ff6f,1168
oe:team:ab717ab35c38578031d681a7305e25a,1169
oe:team:ab8a919db08c9f8321da77bc63cb31d,1170
oe:team:ab8aeb92bafad112aebe22361f84e82,1171
oe:team:aba8187a8c4790f554138cda083003b,1172
oe:team:abb2f3f7048c034414f1f75372a672f,1173
oe:team:abbabe3f07708032b87bc78494b6d8f,1174
oe:team:abdec2ea4b31e351c80a16d988c5940,1175
oe:team:ac644a006bcf1a44682d666df19864c,1176
oe:team:ac655e92876e020fc404aff244a95e3,1177
oe:team:ac678d40140c478ab827805903fe691,1178
oe:team:ac6cb6091eb27e5332f2926f44a7067,1179
oe:team:ac74fdc971fbb36d21cde1a4b696a09,1180
oe:team:acbc961cec36a59ede6695669ad7a19,1181
oe:team:acc3e7a06d4b21fc76b8a3b37812c15,1182
oe:team:ad003d7f74930eeab29a6029c3b9f52,1183
oe:team:ad15034033556001441137e8cab957d,1184
oe:team:ad3e9fa0eb18ea2fb5cb90dcccdccc0,1185
oe:team:ad408b950a1ff71cf861701391fb06a,1186
oe:team:ad74f35a586017e4be6c3d75d4d7fe9,1187
oe:team:ad9fce8cc6928691a352c901c980942,1188
oe:team:ada0b5363377a30441f51e8b089b451,1189
oe:team:ada66594a9441efab01442aa04ea8fd,1190
oe:team:adc76481b64bdf5b0110290c5957e1c,1191
oe:team:adefd7d85fbbac120d5a3d411dbae3c,1192
oe:team:ae0cec6dc617eba9801ec9939d1c18c,1193
oe:team:ae2a2737a8d8d2b8e396dabae0e149b,1194
oe:team:aeb3be196652186472d8f244ee9ef0a,1195
oe:team:af2ff2a3e62b9bdc10e9e8ff7e147d9,1196
oe:team:af3038a77428ddddd50e5b431c5269e,1197
oe:team:af43fc33034ccf6681e473fe3544f96,1198
oe:team:af4b23d4634c4e6ecb5659fb1e689e9,1199
oe:team:af5a425c51abde4470efd2df1f9e8c0,1200
oe:team:afa32967cbfd11cd4684a90c675346d,1201
oe:team:afa484dd1dde6e199432ed3535863d5,1202
oe:team:afd3cd4d4c0a7e194f57ffe605f2d0e,1203
oe:team:afeca2d124b58ca3538d968b859aa65,1204
oe:team:b04ff1a6e33cd215305fb00a28193d1,1205
oe:team:b07f968bfb5a5b0164a904c75e77e78,1206
oe:team:b0a43f7f56c22b10b2042076b0cd5cc,1207
oe:team:b10ab4f0e7089ad20da443550dadde7,1208
oe:team:b1204b591832cdd2a02b3da34d94988,1209
oe:team:b1356ccdb61cb004fa4feedcf5916e0,1210
oe:team:b136827bb6e2aa53e85960a66f6f6d4,1211
oe:team:b19ab22267512e77945cd498106dcf1,1212
oe:team:b1d244894e61a09903b2c3dd0462d3d,1213
oe:team:b1e4549272fe20b4c311674483d4d90,1214
oe:team:b22e10e47d406db28cf95e49812f101,1215
oe:team:b23fb2b567870b22f6da7f4e14607f9,1216
oe:team:b24f151e143d152c7cf8be9f13ec015,1217
oe:team:b26e8f9cc0de55d879683b6f58a15f1,1218
oe:team:b27df85e8130444ae2c7c22d61057cf,1219
oe:team:b2840811ed80a85fcf6f023d4b73f8d,1220
oe:team:b2936bb3f54edca9b7fb84778f9bbdc,1221
oe:team:b2ad0a325a5c242defaf51aa2244015,1222
oe:team:b2f0f60d345fc34475b278e7a1ede1b,1223
oe:team:b30ea1fcb1eafc1cf974fcc3988ae78,1224
oe:team:b331793792760275d31d140e4e2cdeb,1225
oe:team:b33646d7b7b14dd6da17a88f6ddb592,1226
oe:team:b3407aff8f36af4d7492aceb5b6bfd6,1227
oe:team:b346309564f4fc7f30ac14403e93010,1228
oe:team:b350e8583018688fb4cea844b7f9806,1229
oe:team:b351c67cd7c244b6f664bf5b246e952,1230
oe:team:b3931ca265ef0e93881b5eac6dcb375,1231
oe:team:b40d3a5915a3627fb180a52ffcf8fcd,1232
oe:team:b41d715b166da7092724123264e4560,1233
oe:team:b42d0f31f2727621b963042276817c4,1234
oe:team:b45f5c5398ab0870ea8b2fef769d977,1235
oe:team:b469fd5f0912d223dd70c3bbb5ddcb9,1236
oe:team:b4923557f98ba20d401bcaf6c01b4aa,1237
oe:team:b4e415571a886e90b99b34b8b9b626b,1238
oe:team:b4f55af603bfb209eda84e1d685e594,1239
oe:team:b5454c08654c7f6175d1d887f80c769,1240
oe:team:b5ac2d78f427d88ed9666c8d1c9e1d2,1241
oe:team:b5c576b8e06c20217de8792be32aa47,1242
oe:team:b5e8ce41e4348bfe92ecfcea564d1aa,1243
oe:team:b61ee1b18ac8e03518fc61ac07d497c,1244
oe:team:b62ca0a6c7279dc53fb2afa1946d284,1245
oe:team:b6389008090f914e012316f50c2aec8,1246
oe:team:b654c85830c3979466517ca5158b309,1247
oe:team:b6c77dc4935906a5dfe138090f15890,1248
oe:team:b6f812d9b1437e041538493539a7377,1249
oe:team:b735021538d7137d6ff64bcea052a95,1250
oe:team:b75eada98b0b044c59e748c5a2e59be,1251
oe:team:b7f246aa375086484bc9e7469ab3b0c,1252
oe:team:b8221bf34848e0692862ac0bbb5769b,1253
oe:team:b827e1e423b582dcb91b0f31c6bdc62,1254
oe:team:b8657dd7e358c05adb2aea0a6cb8bf1,1255
oe:team:b867a40fb93da6e032034f570785949,1256
oe:team:b877c78301f2b9da3105af161ac16f3,1257
oe:team:b8ceb43093a8ecd96a325ebdd5e38ab,1258
oe:team:b923235c01c3537277ed9e8f6538936,1259
oe:team:b945e7a96b93d96b108071ea38c013e,1260
oe:team:b95c7d26800fbb3b5bd1965c2eddc13,1261
oe:team:b9733b8e8aa341319bbaf1035198a28,1262
oe:team:b99687ec014dcbef79af28a531809a2,1263
oe:team:b99696624afa81613e7c305f10c6b05,1264
oe:team:b9af077d71abf84d8f8045523ff1b84,1265
oe:team:b9c02a709c0f42b28098151b80acf70,1266
oe:team:b9e44c69c1a70fb35df9be96f9eafea,1267
oe:team:b9ec146a4772e94d2d303fcdbb73112,1268
oe:team:ba0e5d60413f9eda6ffb0cb0e0ee531,1269
oe:team:ba218f9a2faccaad7d4a47facbf43fe,1270
oe:team:ba3a80e4a7bc541ccedf373c5b896cd,1271
oe:team:ba3b1a1f005f917f9aaea679f31ae08,1272
oe:team:ba3f6cba3383f76d3e6cf742e7778d0,1273
oe:team:bbd25c9b9a5044937d8800dfeb8922e,1274
oe:team:bc8cec60082a7eec4704c6ea73c2e4f,1275
oe:team:bc9bdf946d79f2f1f483b429a7dfffc,1276
oe:team:bcb21457414eb9be1d27489ff7e8e59,1277
oe:team:bcf344c593b108e38ac0c953a51485e,1278
oe:team:bda9842b6f0c5e85c1d404581d67a50,1279
oe:team:bdda8f7333978ef80dd676e054a009c,1280
oe:team:be05254b418d34ad5579446766e37b8,1281
oe:team:be33872bc260eea9cb3b34eedb6abc1,1282
oe:team:be543a92f2258b940563996544963c3,1283
oe:team:be951cd1e92218726f0df191ba00432,1284
oe:team:bea97eb104070ed8d6448e6faece132,1285
oe:team:bed2e4c078902a8c2d224b59ea3e28e,1286
oe:team:bedeb2d8da4a388b246a256c9da7957,1287
oe:team:beec81e2b73991101281075bc6d68df,1288
oe:team:bf0c8b283dc9b86d914af061ac30424,1289
oe:team:bf1858c02d924648341c65c7fe4206f,1290
oe:team:bf61f06b4a15dd2870441f42412fde1,1291
oe:team:bf6f1cbd7a25bd88bbfdaf1c20366c1,1292
oe:team:bfc5cbabbc2029df065de9bfd67410c,1293
oe:team:bfd1bba6235971993e82d51e679a34a,1294
oe:team:bfd5446b1eba9098e03dfaa63a1c391,1295
oe:team:c039bb272b825e4259c17a016622bd5,1296
oe:team:c07f6511ffe83e745fd290a3dbe9a98,1297
oe:team:c085603cf0bc129969f42a3b8d83e80,1298
oe:team:c0a92e1f459a41706f1957f888cd182,1299
oe:team:c0ac296596eb3725646fb17916598aa,1300
oe:team:c14015eb860f145768d4368ba5c6349,1301
oe:team:c1b5d2c3a85ded7cc01056828f1ce89,1302
oe:team:c1db99dba74a3a144f637b616c9f4f7,1303
oe:team:c1dea751bdd62128fe179344fceb5b2,1304
oe:team:c20f8549c29d0dd0bb92d7aa8028547,1305
oe:team:c227c1d8bfe654bdc0fe943b45dc7d1,1306
oe:team:c228d8939c704a1d5ac0e3d49477cc4,1307
oe:team:c23c193a1bb8ae1ef470ae681db8b73,1308
oe:team:c240ced85731a0f86a197a555989280,1309
oe:team:c2b781ca4585097d9119d3d2f6612be,1310
oe:team:c2bd1dd17a070dbbb8df9aefb634a41,1311
oe:team:c2cbbea762044e35a5915b171125398,1312
oe:team:c330157f545ea628d7c8bd0b35850bf,1313
oe:team:c334b1db5e9b81049496999c69aec9d,1314
oe:team:c334c629fea759876e9e04afbe4aee7,1315
oe:team:c33bf74e075fb47e63c1eb63226ae3d,1316
oe:team:c33c60aabef5b74d45d8c5750d74da5,1317
oe:team:c36cbef1622fdbe0a6d08ffb4e7c964,1318
oe:team:c3ad0025de0e62a6b31956339814b07,1319
oe:team:c3c53a2526d32e8ccd259465e37f1a0,1320
oe:team:c40f6d0d20a7a718c60342e48c144a2,1321
oe:team:c41302163fe262dab12e400d7adc95a,1322
oe:team:c4193e1de4cbb3a64553aa2e1d31b57,1323
oe:team:c4301c851cb9c9c8a622d1855cd7941,1324
oe:team:c4360b2f59028db18a7d5b19ec74bcb,1325
oe:team:c46a7c8dbc4aa414a481a5de60c613e,1326
oe:team:c47878260ba6bd108f98aafa82cd454,1327
oe:team:c49a2a9ac33f825f884410881760d80,1328
oe:team:c4e1d023cf4809fe9847af6eca0d26b,1329
oe:team:c5065df5008bc2f0a6df83dc37c6f1d,1330
oe:team:c509b8c47b3761cbc2c790b576d0eb6,1331
oe:team:c525a336b58cf2df7c961b52a7af5ce,1332
oe:team:c52f1f25b322f34e191a3d0edb5d88d,1333
oe:team:c53d416e0d33d229126f8d13b00d07b,1334
oe:team:c541d877d968f5bd0053efc0f43563d,1335
oe:team:c574d318fab6447b119865b6e12361e,1336
oe:team:c59bcb753bac65c0397bf9ebbcf850b,1337
oe:team:c5b7f439779b465529ff283c53f41c0,1338
oe:team:c5c317341ae046ce3345b8d56efce5c,1339
oe:team:c5d6cb43c96de77a0e420bc9f0ddc8a,1340
oe:team:c5e4f376de880fec7ac4b52fcc2ae27,1341
oe:team:c60297ca19fa8c85b47b6ed0e55698c,1342
oe:team:c64792e95cc00718fdba07a0682c134,1343
oe:team:c6a4f426b85f581ff9b009d1e8bfae5,1344
oe:team:c6aa23f2afcbe6fc281c7bb9b96c843,1345
oe:team:c6d5aa661b7fc79404111ac75fbdcd4,1346
oe:team:c709ca1768c057f3f5d3f6ac1e0e88f,1347
oe:team:c73ee5d874c7218ab92adf5f3bd0c0e,1348
oe:team:c75f1f337fc5867914749d438a4871d,1349
oe:team:c77c806b4de6749ab640b4a79f7a5f9,1350
oe:team:c7ad88feac64b5b6cca8f234b392862,1351
oe:team:c7b154d74bc45311ce501267f82dc36,1352
oe:team:c80b36851e005bcee841f7d7a7c1a66,1353
oe:team:c82b21e613f9aaffd2ba5c16ab104bc,1354
oe:team:c83640239b15363ef7c6374fe1497b1,1355
oe:team:c842bd2a64b6d4c6f216802b32c8a17,1356
oe:team:c856cde28eaed2123b1a9c2d9133bd6,1357
oe:team:c89864253bfbc47feae7aebf4013806,1358
oe:team:c8d302e68ffd3e684186a0db372b7b6,1359
oe:team:c94055c4eae45033b3e176ed7c35585,1360
oe:team:c94195cef56d1eabb7e0304efad4c47,1361
oe:team:c95698309e986235a523bf9503f67ca,1362
oe:team:c96403ed0b812c805aeb6100bdc19a5,1363
oe:team:c9c39ac4c61b8281f7107deb9e3a587,1364
oe:team:c9c57deef5fcd4cd734181f121c9ee8,1365
oe:team:c9d070bdf4b26d48b05fe5b04309de6,1366
oe:team:ca06a036247ca868972c49cbe00b507,1367
oe:team:ca2e7723177797c546f6e4c30bb67b3,1368
oe:team:ca3882dbcefa68eac0892e3218080db,1369
oe:team:ca3c8e270b623c1ed43ba1d912e23f4,1370
oe:team:ca60495d47019431a6813188aea1eb2,1371
oe:team:ca619ab78f35d18f498c11f812542e0,1372
oe:team:ca663b1c89065ae6491db8e9cd5c305,1373
oe:team:ca82d3efa2401830fe062a85c452bd9,1374
oe:team:ca884c91b35e5e37937b19360cf1bbe,1375
oe:team:ca8a8d5dadda551344e9632c64990bb,1376
oe:team:ca93fb52911145b76f82c3a3af6d007,1377
oe:team:ca96ca51b432a5029caf11f1af715de,1378
oe:team:cb2c732f028c98d4fb314ee8f28b5d8,1379
oe:team:cb88ee3c195b2c7056830437a1f1565,1380
oe:team:cb951a65f688a6e2bdf1d8d4a91da4d,1381
oe:team:cbb2efe86e074f5a81490dceb681a4b,1382
oe:team:cbbafed5c0ebf092e70ef9821426b2f,1383
oe:team:cbfaf0ca2181f0903d2fcceb6c28f3b,1384
oe:team:cc0febb14e6012fe5d7ab5bf50ac21f,1385
oe:team:cc40378bfc9614a14500fbd6db90869,1386
oe:team:cc8dc289276eb43fdc22851ed1b5ec9,1387
oe:team:cc901dfa35cb4e6d7c5684d57361771,1388
oe:team:ccd089bf173a5fff1063eb0576201a7,1389
oe:team:ccf3ac6ecc7f9a46f87a052deebe32e,1390
oe:team:cd0265100a71f098affbc8b2cbe043f,1391
oe:team:cd17656e0072109bd90f948b279e01e,1392
oe:team:cd62e47544f14f1d239afa659b9d243,1393
oe:team:cd62fe7f473afa37527d2d15e9565cd,1394
oe:team:cd6b4265231d4ba346274357681c335,1395
oe:team:cd6e0eea04af23b9c0735dab41a9941,1396
oe:team:cd71fca6c80adf06a6c0ee35e1614a3,1397
oe:team:cda8735d6cec0a3e7a2676682d66953,1398
oe:team:cdbf1c680f2450b6c410a2756cf8fab,1399
oe:team:cdc95458788b699cc0c3c6034dc992d,1400
oe:team:ce02eb63c33525b64c0734c872d64cd,1401
oe:team:ce10c59d79b11ab8fa936e7aac890f1,1402
oe:team:ce499dea30cfce118f4fe85da0227e8,1403
oe:team:ce666ec5e91131390b04ed14a858cb1,1404
oe:team:cefba747496bb78899734aa2e1c67c8,1405
oe:team:cf666cb66152773d0557c53bfb2137e,1406
oe:team:cf83296039548902f3c9d60b22635ec,1407
oe:team:cfc0ebfa157658a1257276edee9196e,1408
oe:team:cfe39d6ad56ade376271fc42865bc2f,1409
oe:team:cff4c4759805907c870737415c8d4fd,1410
oe:team:d00921d1fc09960415443f591cb6160,1411
oe:team:d06e44d315e9885e416867447358542,1412
oe:team:d071b2912dea2b3debbf837afb9f8de,1413
oe:team:d0b66d86c80208d543571f362b08ef6,1414
oe:team:d110cb182784a4ecfe4fd1e242a1eb0,1415
oe:team:d123edddbd447a5af9b6402e1689e2d,1416
oe:team:d133a1d79e3a76fd1db258c7c06bb7b,1417
oe:team:d135f5fc6f1ec50cda24bc7e5910f62,1418
oe:team:d1458aaa8d681ba2818028664a59155,1419
oe:team:d15303823a1dccff9f3068fb357e356,1420
oe:team:d17ce7a4192b52f8e1daf94c381c75f,1421
oe:team:d17e6a2f130f0cf8dd071ce88d5b870,1422
oe:team:d18ab971048c6bc6e9f13ce38ba9fae,1423
oe:team:d1a3c25be4cdcdb9d51353653b0ea70,1424
oe:team:d1c09638d5f5bff76830781601a792d,1425
oe:team:d1df3657e00e792cf0c4cf2aab478a6,1426
oe:team:d1f833765bf7a9a8109d96a1b61afd7,1427
oe:team:d1f94eb386150a299d1fcccb7bf56ac,1428
oe:team:d21ef63049446e75f7d371c1802edd0,1429
oe:team:d2628b4f33cdc631c1fc42be5d2b771,1430
oe:team:d2ae1a42c10d8ff649b4f32f13e6468,1431
oe:team:d2dc3681437e2beb2bb4742477108ff,1432
oe:team:d31f40e636f946b6081f341864eb157,1433
oe:team:d356a144644879dabb5f34cd99c886d,1434
oe:team:d35b98d330df0acb88e2b27027b7e74,1435
oe:team:d3959141423413e4590414afc16b1f6,1436
oe:team:d3a84f44a4b85b09d6443097285f7c7,1437
oe:team:d418f5db39c1766ac692224837b3c24,1438
oe:team:d43a0921a6e4fcd44ff8ed919480a7b,1439
oe:team:d448392af90cd2fa0b726394ecfa13f,1440
oe:team:d4553ea5020d1c35901ff030e2b4922,1441
oe:team:d4795b41be2ffe2063d40d1509eb890,1442
oe:team:d496918ed33df066a706f8d33683d4c,1443
oe:team:d4bfd255bb67567308e77c241ff6cac,1444
oe:team:d5258d543c6a4a8e0996193f99ccede,1445
oe:team:d535f853989194a502c3af8c4b88d14,1446
oe:team:d53c3b4468d5a9ec7fb407350dd55df,1447
oe:team:d5465e862dc30f6b659b2e4965a9f0a,1448
oe:team:d5772fdb1ae7fcc8046fa2e056a8715,1449
oe:team:d5d81960196c1bcae308a2ab10bf756,1450
oe:team:d61f857fa7a7d8ea4f0d453526373f7,1451
oe:team:d67b8c3f9b00fd1c8cbdc714358bad3,1452
oe:team:d685ccc695e935d012e859cb3574f1c,1453
oe:team:d6a33a844865a46a3a046be02d6837b,1454
oe:team:d6bba391a1129002440759541df27e0,1455
oe:team:d6be0ecd5bcb3c81e3c23116e04b123,1456
oe:team:d6bee7b81c11ac0c4318473f54211a9,1457
oe:team:d6daccfb074c6700b6237137d41fabb,1458
oe:team:d71f271aa9d8149f4bad0f86bc962b8,1459
oe:team:d723992568441c6bafa2658129eade7,1460
oe:team:d763efccae3a91419242f36294f86e4,1461
oe:team:d7771bc633792f9efe65e49ce8cd7dd,1462
oe:team:d78bf288bea8c9483999ec69fbf20cf,1463
oe:team:d7a70e630922657d105195d2cbff0e5,1464
oe:team:d7ec1f968a609382e6e6d1bc2f6e4c3,1465
oe:team:d7f0eddf6b5b5f8d94d79ac85f44974,1466
oe:team:d80103bdd8d612247d7d44fc77d204a,1467
oe:team:d80359db3f21194a58b02a3c7362695,1468
oe:team:d83bffd1eb6ab4fc8b58abb3e646d48,1469
oe:team:d83c59bf7d6cbaba72f9d6684114336,1470
oe:team:d846b19a0131d2b0c3e931f2d4e9f14,1471
oe:team:d8a52396ce9f51227ffeb4106759347,1472
oe:team:d8ab5f687bf0b1d829bd0c2883b819c,1473
oe:team:d8ca3fc1f0827ec76369af7b70d43e3,1474
oe:team:d8fed581a97ae8abd305567d504bd1c,1475
oe:team:d90668db6ad5108669990e3878bb5b3,1476
oe:team:d932b52fb3a9d5fad174728a969ee14,1477
oe:team:d946eb399b263986b81fad7203186fa,1478
oe:team:d996d27c1737a1f7494fc09d6911339,1479
oe:team:d9d4d528a3946fe2f62b25141e117de,1480
oe:team:d9d892aa846256524bcf642899931a7,1481
oe:team:d9ed0b8f74b1adc9a488cac7ecc72b1,1482
oe:team:d9f29b4eac8fd2a40f5a117e294316f,1483
oe:team:da2265e6219e0ec8a7b1ed3c6731169,1484
oe:team:da434e49a9c0160f58d6801620c3559,1485
oe:team:da5f2e46989c6a8ce510b0cc1f84828,1486
oe:team:da7281abfbacdeb467493b62cbe151e,1487
oe:team:dad402da1140c74da1f0c558dd926de,1488
oe:team:dadd79220e2853552cefc583098d21a,1489
oe:team:db052729079b7bbe03274df413b2d1b,1490
oe:team:db208c945c7ac69939930168c326666,1491
oe:team:db4beb44c0b4f0ff63fab2729f14f80,1492
oe:team:db4e98d03fec12b08cb7a80b739c446,1493
oe:team:dba2e551039e079ceae513ba7386109,1494
oe:team:dc21ed7da9e94f28739925bd7b2ca85,1495
oe:team:dc2cbf450547e86e4b73d6073c3a7c8,1496
oe:team:dc37b5d3bad57cd8d808c22f1f42046,1497
oe:team:dc38e3639d434f131875cd48a01debc,1498
oe:team:dc42a41e785824e6e40b27f4043c2e3,1499
oe:team:dc43b84ccda7199fecec19166e392c0,1500
oe:team:dcc812505700e6470c2b4bb2ce4437c,1501
oe:team:dcf87563dff3f23d3985a5bac289345,1502
oe:team:dda0813cbc9db279be5ee98c7c5b9c1,1503
oe:team:ddb6aa775eebeffd5cc41ba5c35c6a1,1504
oe:team:de55ffb045c6780ab5edf7e5d74b4d5,1505
oe:team:de98ff88c3bdee429f503fcffeac1c8,1506
oe:team:dea36d562876c9ebf2456f71b55f790,1507
oe:team:defbe61b50f5f3bca8344b032c4db1c,1508
oe:team:df01434cb64c250b577057dfe89e229,1509
oe:team:df045d28ec9b0b40ea9eb6ab50693ac,1510
oe:team:df0754486ef18bcdf1205ccaa30fb03,1511
oe:team:df307a715ef3aff2837cf96bfa86685,1512
oe:team:df45d96b7b251f89748cc28b2bc8969,1513
oe:team:df70cf5eb04453059ae5a4e4e30a392,1514
oe:team:df80f468a3f9a722df056fe9104f052,1515
oe:team:df909168cd1adaab72084399480a8e4,1516
oe:team:dfbc53a1d6a3646a7e7dc1278a137ac,1517
oe:team:dfce81ccb0f912228489d95e7600adf,1518
oe:team:dfd20f6b96340a66e4004f41215f6b7,1519
oe:team:e01a2c11f15509622fbd959bc4b881a,1520
oe:team:e021476ce48284b328c89031d763a85,1521
oe:team:e03a60a972926ef947735e1b38b9a9b,1522
oe:team:e03a850dd5c4b5029e75de77a2afb98,1523
oe:team:e043b3558468d96e47864c0f89684c2,1524
oe:team:e04e615807da5e9d86b88eb695ff935,1525
oe:team:e05fc2a9f99e906ea564a672d75f839,1526
oe:team:e06f783b141f72cbae90ba86cfbd83b,1527
oe:team:e08debf4c952ffb61c82a30e5239a7b,1528
oe:team:e0ec1fed6e0949a0aef5f506ccb76ce,1529
oe:team:e11d25f4e815b120222610590480818,1530
oe:team:e120826aae03bee4be6cfec8ac49ede,1531
oe:team:e129de91074731ebb2203742f65ba3e,1532
oe:team:e148df5f8ee1c28556f4d82343d4284,1533
oe:team:e15cc9b100ac0465d8e10a060667fa1,1534
oe:team:e16dc1d6a36fc086c71f495a89442e9,1535
oe:team:e16e08020a1c1f4b5e15b794a4e7ea3,1536
oe:team:e175a9282fd200346d0432a252baecc,1537
oe:team:e18b5c998b30fb5392f043157d69b12,1538
oe:team:e1cbefa2c9766f5deaa96d958a31e89,1539
oe:team:e2032cdda6a487d10b7be0435e4fb31,1540
oe:team:e21e3adb4144bf39d2647579b25501f,1541
oe:team:e2a65fbaf1e4dc9f539e9c7dfa195ad,1542
oe:team:e31c6dcc465e0b94500ef023f42cdc1,1543
oe:team:e3586aa5fa693c32f782331619442a1,1544
oe:team:e3a29387c70230d76837b86c2aefd14,1545
oe:team:e3f89acb10ecd65327fa954ff2ec047,1546
oe:team:e40cdcb20302c0240d2084c909668aa,1547
oe:team:e422814c2933709b7f913eb23f74e05,1548
oe:team:e42ade212c09777da0f54bffe481f6d,1549
oe:team:e435aa3ecb82a89e60544f5f5857a81,1550
oe:team:e4a4cd8b5d8bf287ee99b842e5b621f,1551
oe:team:e4c1b46cd564252c83c5102dc789b3b,1552
oe:team:e4e374ea65e4f2ca513cdd2579ad578,1553
oe:team:e4f1fdf037eeaaec0c32772eb6d4d94,1554
oe:team:e5762a12b1dca7458bf1e6cdba8457e,1555
oe:team:e581596cec3767d68b3f23d68bfa5c4,1556
oe:team:e5b2f06fead102a38cae16182e72cab,1557
oe:team:e6083d0ae87166549dfcf0b01c21300,1558
oe:team:e637bfca874f6d165f545eeb58e8360,1559
oe:team:e6423e34fc74500296fbaa43fac025d,1560
oe:team:e6f0665e93b6c71463ded6de6a9dff6,1561
oe:team:e7121adad88546bce0ff2cc41c2d343,1562
oe:team:e7265d3acfda2f8644115d32eeb1fcb,1563
oe:team:e736f10b61654a27a75f59a05afd0e6,1564
oe:team:e758ebe9a5a2cc81b9c8078479c2d87,1565
oe:team:e7a7c6bf58eb268ed3f13aac4158aa8,1566
oe:team:e7bb15e9b5c8dbb32b34d8dc5b08d99,1567
oe:team:e82c09af2170776b35900be0ac82aa7,1568
oe:team:e84133caa1e561518201cc7d33f14ed,1569
oe:team:e85b277c0a485ba7d3daf63b76580d2,1570
oe:team:e8d370a0e90adebb0571ec096375906,1571
oe:team:e8d8ae992fe72acb7adc7bfcee31dbb,1572
oe:team:e8ff27ece26a00bc4fc1e253183dae4,1573
oe:team:e902a02fc3a32f47cf0c3729893098b,1574
oe:team:e90ea79eb35058df85082ef1ff0c728,1575
oe:team:e919e6c4f8ed9efed7f8a1f49d2b44a,1576
oe:team:e95881e704b8d441f8bd5413fe97e10,1577
oe:team:e9830aab7a1713887db405511b17c82,1578
oe:team:e996958abfd7c1a71cb31fed8ca1ea5,1579
oe:team:ea04c2731d4cce306a17d765544e7e9,1580
oe:team:ea0defcb90ef9d0e67e092adcc37656,1581
oe:team:ea2a0b6a4dfccbe3c144dabb2bf99de,1582
oe:team:ea6aaa4a7803a05fef1377dbedb3786,1583
oe:team:ea6fa09489335785c9921c1e427aea5,1584
oe:team:ea713c468d50ec009b60c1447b18b48,1585
oe:team:ea7f5b6d73556e1148c7bb8ae123d4d,1586
oe:team:eaa2452a5e851bc274666f41623143b,1587
oe:team:eab5c007906936e2b6214db2d274fd5,1588
oe:team:eaeaad6cbcd022d2b872d4776aae2e6,1589
oe:team:eaff5703f519ece3dcd7b5b49d000c2,1590
oe:team:eb2c3286d3f7ae58bb118bbc87bab2c,1591
oe:team:eb6fe14fc9cd93bc1fabd5ad75e78e3,1592
oe:team:eb704226a35906f55b51e7ebeaee260,1593
oe:team:ebb55385af1c848dba72b6a8dad6159,1594
oe:team:ec45c1d412e89b59d0b013eab4af15e,1595
oe:team:ec532b4c1c089e19fe1894e990ee10e,1596
oe:team:ec6df3b8882b76b51d9bbaee084738e,1597
oe:team:ec79d991a7dd0150a5f4b447c0ab1f4,1598
oe:team:ec830d79559b38ffe2dcda535fd2bac,1599
oe:team:ec984a85fa876a52f448869c93cd93b,1600
oe:team:eca46d5eadb0c405cb19a9104024393,1601
oe:team:ecaf2adae2ff7f9511c9f662f18ffe7,1602
oe:team:ecebaf23a84b54fc1b8668c9291778b,1603
oe:team:ed2763d0f6ca9c05c17d888f3dc956e,1604
oe:team:ed28f87f0cfdba0a2a8f183cebae73a,1605
oe:team:ed697fa53b4832c6625299c1ddd40c9,1606
oe:team:ede9dbba5dba2018415a753766070a4,1607
oe:team:ee05009669039fc7ccbec84adc29566,1608
oe:team:ee140e8e9d6abd0bfd2b7bc94639d43,1609
oe:team:ee45aec8db48a3adec16589f944e577,1610
oe:team:ee569c9f5e85fba8fcf57d51b1b78ed,1611
oe:team:ee662fa8580ced6fb87aa4ca5b1fe7b,1612
oe:team:ee71b2a517ae4fb13ab8cf4704183d8,1613
oe:team:eec28291806422c00c2cbe3a75f7de2,1614
oe:team:eeccd8e382587a7bb88ee904876cc45,1615
oe:team:eed9f442b59101a3865dfb3feac2792,1616
oe:team:eefde58f0df8d64690b358edd3c8cbb,1617
oe:team:ef1e6aa205209aa800aae6775fd68c7,1618
oe:team:ef323f7c8590882faf14dfddd0a0252,1619
oe:team:ef3298f302549d6a3f63791868d2080,1620
oe:team:ef3bf261bc147069cca4a0bd4a6599b,1621
oe:team:ef433aefe2d4bcfaff6296b947199e3,1622
oe:team:ef68c2c368d0cd292339d94c268bd19,1623
oe:team:ef73b0c8f0ee92631adf7cb11ebe12d,1624
oe:team:efcd9996cce28c8f5c8062ac3b7fbb4,1625
oe:team:efffad611f754b23229bc78d12a18a2,1626
oe:team:f028b03d55190de2e3db0332acb61c3,1627
oe:team:f05dcb5635b1d32962510e26e412218,1628
oe:team:f07ff3c5a283030021af9cea0bf44ed,1629
oe:team:f081b761c52c8815264545f31442cf6,1630
oe:team:f0822146e30aa1b07cbda205f14378e,1631
oe:team:f11c9eace9c9f61931b6e0269d80102,1632
oe:team:f135d4a15fb5acaad384bd86d20ba15,1633
oe:team:f1537fbae2ac1bd71fd19460ba665f8,1634
oe:team:f16757c3e5eb0343bcb2d5c076847da,1635
oe:team:f16bc42ce90f52133028907c5b9c5bd,1636
oe:team:f185af4fd48a7fac2dc50d7a23824b5,1637
oe:team:f2094ae60f9b1f3b6a17ad88ad75fc1,1638
oe:team:f2357aab765dfb94659ba2223a6d4f0,1639
oe:team:f27741afb3044c971eeced9d0c2daa1,1640
oe:team:f2c96c44d1212aa70fcb30a764db73b,1641
oe:team:f32bc8a601cde2e7989f7045b766456,1642
oe:team:f332127ba5ee3389e4c5cff45ac9a51,1643
oe:team:f33930460c641ba8c7ffe11342c08ef,1644
oe:team:f33e729f8b4bab6c8188aa1c381e053,1645
oe:team:f34c400132b57be53eb4c25828693c2,1646
oe:team:f3aa9bbd924ce3af42ac53f8326bc7c,1647
oe:team:f3bc4f2e318bd6b40e1ddd88c637396,1648
oe:team:f3c533aeb87ace93284514faf321076,1649
oe:team:f3df621cead66dce37cc5c5525f14a7,1650
oe:team:f3e93a37225a7f012ac53604a9afcae,1651
oe:team:f403408263100c2f4d2c43bf05a0a58,1652
oe:team:f42d079ab8451bab070c347e730f5fa,1653
oe:team:f44643241cfd17320bf6320016fd4dc,1654
oe:team:f48d6969116c71798a9db7a42e63e59,1655
oe:team:f4b807048502e27f01499f06b235a9a,1656
oe:team:f4c4528c6981e104a11ea7548630c23,1657
oe:team:f4f16779039b02d87dbaae150f0723f,1658
oe:team:f5003bcab72d32127d7eea18427178c,1659
oe:team:f51b1895a789e5fd883a0df8acaa4d0,1660
oe:team:f54cf58f8e4305aceaf67d90e5656d3,1661
oe:team:f550ae2e836d5c94219533f03917afe,1662
oe:team:f568ed3699bca56338d11b4def79e9c,1663
oe:team:f57128cd29ac423bc73a9e301b0495f,1664
oe:team:f589eafcf087c11af27e475bafb047f,1665
oe:team:f58a8d352e90ae75eeedd400a5bad78,1666
oe:team:f58b735b924142c30448bec482ec523,1667
oe:team:f5ae665c5b772f9c081b30593177b9d,1668
oe:team:f60c41e54d2d0eaad6159eeb45336b4,1669
oe:team:f6592f6325c0f37821595b60254597f,1670
oe:team:f678dedcefb1a8df0844b6499004aa1,1671
oe:team:f679caba939e1e66d4729c4c389f4b8,1672
oe:team:f6916bcaf8f0e2930832c306d5476a3,1673
oe:team:f6918e6c2a3ca4e775360a7069e972d,1674
oe:team:f6ac342191e871ae8b13952ed61c31a,1675
oe:team:f6d3af6ea2f59c08f5231415a65cee2,1676
oe:team:f6fd2177acca4512dc0b8abbe67351a,1677
oe:team:f7028b2b013db876f65ba39a1d8a6a1,1678
oe:team:f7357a7d977599b7742a122a2230cae,1679
oe:team:f73cbd69433514d61cf7c9cd0f5123a,1680
oe:team:f7674bf69c8ffd96da506fcb1e65383,1681
oe:team:f7c0f545d3fc1860239d04b3ebe97f8,1682
oe:team:f7f7324c151aa6ed770b244ce08e027,1683
oe:team:f85f96a7979a43af6e1b26bd96df8a9,1684
oe:team:f897961ec197675982fc03ad90bd8b1,1685
oe:team:f8c3923ecbc5de1edc4eaea53407c6f,1686
oe:team:f8d1a83e0a00a6ba5b0b1bc4c5b28c7,1687
oe:team:f8ea9253431e533c75ae105288e498a,1688
oe:team:f93bd7ba4570c2b83b075cbc60f97ca,1689
oe:team:f9692a71abd479f5e03146eaebbdfc2,1690
oe:team:f97d88e6ec3c80153be75b4fc3c0c10,1691
oe:team:f98a0a60c7cef97a7b0a27fd278abf4,1692
oe:team:f99374803c2802a727e34ba54af754d,1693
oe:team:f9a155899f212a00a349ba8568dfc78,1694
oe:team:f9cdad9bc74674a51754dcee825640c,1695
oe:team:f9d5cf621532c5ac51e0947d7098b7f,1696
oe:team:f9f16e15a84c85d050aa09b4a21c757,1697
oe:team:fa12fb801e77d60b9fde291b93c5d3f,1698
oe:team:fa56bf0083c4ae1f8508803e0209f21,1699
oe:team:fa63571a9f777688f079f0ee86f746d,1700
oe:team:faa8ea6e89c8c4ca180fc12dcbbd5ba,1701
oe:team:fae75f985d8c1509fa55ea782737bf6,1702
oe:team:fb0f0212147f5791a38c9789b221b24,1703
oe:team:fb1fd138f4e0b99eacbe4da8395e94d,1704
oe:team:fb2c3c21cd8bbdb161246014c23e7e7,1705
oe:team:fb502d6946ca02195d813428383935c,1706
oe:team:fb9002f42f80682c50c85f05ec4dc8d,1707
oe:team:fb999a0470494c0967ddc6b7121f54c,1708
oe:team:fba05dec4ecce67a4b830c94bc3d81a,1709
oe:team:fbc692c1e8c7eb9e89861374b186c53,1710
oe:team:fbf53cf218dfaa8c2b2a864d13d2206,1711
oe:team:fc1bd99623705778dfcd456fa72e882,1712
oe:team:fc33a168b2f014da258c4115e9bff1c,1713
oe:team:fc3d0bdc84e08efc1b6623448e64c15,1714
oe:team:fc7375b80317eeffe3f05e4d3912626,1715
oe:team:fc8e90107dabb9a35c490b0d86adea0,1716
oe:team:fc9df461bf197760e6c41bae3444bcf,1717
oe:team:fca935f82fd01de843aa2799eb575ea,1718
oe:team:fcb94b14624bcdf327d65d191cd8503,1719
oe:team:fcc0903ed91f896cdccaecd6cbd6589,1720
oe:team:fce0c469080578fffd7034b5f2ff57d,1721
oe:team:fcec508e780bbd1ad493852640f5b36,1722
oe:team:fcfdb4e291df2ed5206d241f59fd902,1723
oe:team:fcfe169f63d7580c18c9c55bffe478c,1724
oe:team:fd171f450f5ec90d23a0904fbd0641b,1725
oe:team:fd27f7adaecaeac4f8736159d57c0ce,1726
oe:team:fd2be44e083523bc6f60d506d74be4d,1727
oe:team:fd2c4002bfafbae0456da0185e14120,1728
oe:team:fe0f9f1a1d12af08c693959b09e45b4,1729
oe:team:fe3c56376161c8146f798e8716788bd,1730
oe:team:fe4037291be174edbe8b85a271f54f5,1731
oe:team:fe409cbd7c72eb621d9c4e7eac75936,1732
oe:team:fe490c40d9afc2867c75924042a67c5,1733
oe:team:fe59c993d0bda004e54eaecdd957f54,1734
oe:team:fe9f9acb467abd421f95d92a3ba83b7,1735
oe:team:feb2238d292019b934a4a51cdae3230,1736
oe:team:feb2b2b123198afc6beb8181a4ad4d8,1737
oe:team:fec0b0f2f22d7f75ac162e1ebba6f31,1738
oe:team:ff0118d68f738d57ce78b30839e4f16,1739
oe:team:ff07fcf769a41fa17ded4746368d6c7,1740
oe:team:ff7be8a72b034b8ea34a3f7f69efdc0,1741
